filepath,target_class,fold
C:\Users\krsan\Desktop\crop\dataset soybean\bacterial_blight\bb (1).jpg,bacterial_blight,4
C:\Users\krsan\Desktop\crop\dataset soybean\bacterial_blight\bb (10).jpg,bacterial_blight,2
C:\Users\krsan\Desktop\crop\dataset soybean\bacterial_blight\bb (11).jpg,bacterial_blight,3
C:\Users\krsan\Desktop\crop\dataset soybean\bacterial_blight\bb (12).jpg,bacterial_blight,2
C:\Users\krsan\Desktop\crop\dataset soybean\bacterial_blight\bb (13).jpg,bacterial_blight,2
C:\Users\krsan\Desktop\crop\dataset soybean\bacterial_blight\bb (14).jpg,bacterial_blight,1
C:\Users\krsan\Desktop\crop\dataset soybean\bacterial_blight\bb (15).jpg,bacterial_blight,1
C:\Users\krsan\Desktop\crop\dataset soybean\bacterial_blight\bb (16).jpg,bacterial_blight,4
C:\Users\krsan\Desktop\crop\dataset soybean\bacterial_blight\bb (17).jpg,bacterial_blight,0
C:\Users\krsan\Desktop\crop\dataset soybean\bacterial_blight\bb (18).jpg,bacterial_blight,0
C:\Users\krsan\Desktop\crop\dataset soybean\bacterial_blight\bb (19).jpg,bacterial_blight,0
C:\Users\krsan\Desktop\crop\dataset soybean\bacterial_blight\bb (2).jpg,bacterial_blight,1
C:\Users\krsan\Desktop\crop\dataset soybean\bacterial_blight\bb (20).jpg,bacterial_blight,3
C:\Users\krsan\Desktop\crop\dataset soybean\bacterial_blight\bb (21).jpg,bacterial_blight,1
C:\Users\krsan\Desktop\crop\dataset soybean\bacterial_blight\bb (22).jpg,bacterial_blight,4
C:\Users\krsan\Desktop\crop\dataset soybean\bacterial_blight\bb (23).jpg,bacterial_blight,0
C:\Users\krsan\Desktop\crop\dataset soybean\bacterial_blight\bb (24).jpg,bacterial_blight,3
C:\Users\krsan\Desktop\crop\dataset soybean\bacterial_blight\bb (25).jpg,bacterial_blight,3
C:\Users\krsan\Desktop\crop\dataset soybean\bacterial_blight\bb (26).jpg,bacterial_blight,0
C:\Users\krsan\Desktop\crop\dataset soybean\bacterial_blight\bb (27).jpg,bacterial_blight,1
C:\Users\krsan\Desktop\crop\dataset soybean\bacterial_blight\bb (28).jpg,bacterial_blight,2
C:\Users\krsan\Desktop\crop\dataset soybean\bacterial_blight\bb (29).jpg,bacterial_blight,4
C:\Users\krsan\Desktop\crop\dataset soybean\bacterial_blight\bb (3).jpg,bacterial_blight,1
C:\Users\krsan\Desktop\crop\dataset soybean\bacterial_blight\bb (30).jpg,bacterial_blight,2
C:\Users\krsan\Desktop\crop\dataset soybean\bacterial_blight\bb (31).jpg,bacterial_blight,3
C:\Users\krsan\Desktop\crop\dataset soybean\bacterial_blight\bb (32).jpg,bacterial_blight,0
C:\Users\krsan\Desktop\crop\dataset soybean\bacterial_blight\bb (33).jpg,bacterial_blight,2
C:\Users\krsan\Desktop\crop\dataset soybean\bacterial_blight\bb (34).jpg,bacterial_blight,4
C:\Users\krsan\Desktop\crop\dataset soybean\bacterial_blight\bb (35).jpg,bacterial_blight,0
C:\Users\krsan\Desktop\crop\dataset soybean\bacterial_blight\bb (36).jpg,bacterial_blight,3
C:\Users\krsan\Desktop\crop\dataset soybean\bacterial_blight\bb (37).jpg,bacterial_blight,0
C:\Users\krsan\Desktop\crop\dataset soybean\bacterial_blight\bb (38).jpg,bacterial_blight,2
C:\Users\krsan\Desktop\crop\dataset soybean\bacterial_blight\bb (39).jpg,bacterial_blight,4
C:\Users\krsan\Desktop\crop\dataset soybean\bacterial_blight\bb (4).jpg,bacterial_blight,1
C:\Users\krsan\Desktop\crop\dataset soybean\bacterial_blight\bb (40).jpg,bacterial_blight,4
C:\Users\krsan\Desktop\crop\dataset soybean\bacterial_blight\bb (41).jpg,bacterial_blight,0
C:\Users\krsan\Desktop\crop\dataset soybean\bacterial_blight\bb (42).jpg,bacterial_blight,3
C:\Users\krsan\Desktop\crop\dataset soybean\bacterial_blight\bb (43).jpg,bacterial_blight,3
C:\Users\krsan\Desktop\crop\dataset soybean\bacterial_blight\bb (44).jpg,bacterial_blight,1
C:\Users\krsan\Desktop\crop\dataset soybean\bacterial_blight\bb (45).jpg,bacterial_blight,0
C:\Users\krsan\Desktop\crop\dataset soybean\bacterial_blight\bb (46).jpg,bacterial_blight,2
C:\Users\krsan\Desktop\crop\dataset soybean\bacterial_blight\bb (47).jpg,bacterial_blight,1
C:\Users\krsan\Desktop\crop\dataset soybean\bacterial_blight\bb (48).jpg,bacterial_blight,0
C:\Users\krsan\Desktop\crop\dataset soybean\bacterial_blight\bb (49).jpg,bacterial_blight,4
C:\Users\krsan\Desktop\crop\dataset soybean\bacterial_blight\bb (5).jpg,bacterial_blight,1
C:\Users\krsan\Desktop\crop\dataset soybean\bacterial_blight\bb (50).jpg,bacterial_blight,0
C:\Users\krsan\Desktop\crop\dataset soybean\bacterial_blight\bb (6).jpg,bacterial_blight,4
C:\Users\krsan\Desktop\crop\dataset soybean\bacterial_blight\bb (7).jpg,bacterial_blight,1
C:\Users\krsan\Desktop\crop\dataset soybean\bacterial_blight\bb (8).jpg,bacterial_blight,3
C:\Users\krsan\Desktop\crop\dataset soybean\bacterial_blight\bb (9).jpg,bacterial_blight,0
C:\Users\krsan\Desktop\crop\dataset soybean\bacterial_blight\bb (1).jpg,bacterial_blight,1
C:\Users\krsan\Desktop\crop\dataset soybean\bacterial_blight\bb (10).jpg,bacterial_blight,0
C:\Users\krsan\Desktop\crop\dataset soybean\bacterial_blight\bb (11).jpg,bacterial_blight,0
C:\Users\krsan\Desktop\crop\dataset soybean\bacterial_blight\bb (12).jpg,bacterial_blight,1
C:\Users\krsan\Desktop\crop\dataset soybean\bacterial_blight\bb (13).jpg,bacterial_blight,0
C:\Users\krsan\Desktop\crop\dataset soybean\bacterial_blight\bb (14).jpg,bacterial_blight,3
C:\Users\krsan\Desktop\crop\dataset soybean\bacterial_blight\bb (15).jpg,bacterial_blight,0
C:\Users\krsan\Desktop\crop\dataset soybean\bacterial_blight\bb (16).jpg,bacterial_blight,3
C:\Users\krsan\Desktop\crop\dataset soybean\bacterial_blight\bb (17).jpg,bacterial_blight,1
C:\Users\krsan\Desktop\crop\dataset soybean\bacterial_blight\bb (18).jpg,bacterial_blight,4
C:\Users\krsan\Desktop\crop\dataset soybean\bacterial_blight\bb (19).jpg,bacterial_blight,2
C:\Users\krsan\Desktop\crop\dataset soybean\bacterial_blight\bb (2).jpg,bacterial_blight,4
C:\Users\krsan\Desktop\crop\dataset soybean\bacterial_blight\bb (20).jpg,bacterial_blight,2
C:\Users\krsan\Desktop\crop\dataset soybean\bacterial_blight\bb (21).jpg,bacterial_blight,2
C:\Users\krsan\Desktop\crop\dataset soybean\bacterial_blight\bb (22).jpg,bacterial_blight,2
C:\Users\krsan\Desktop\crop\dataset soybean\bacterial_blight\bb (23).jpg,bacterial_blight,3
C:\Users\krsan\Desktop\crop\dataset soybean\bacterial_blight\bb (24).jpg,bacterial_blight,2
C:\Users\krsan\Desktop\crop\dataset soybean\bacterial_blight\bb (25).jpg,bacterial_blight,3
C:\Users\krsan\Desktop\crop\dataset soybean\bacterial_blight\bb (26).jpg,bacterial_blight,3
C:\Users\krsan\Desktop\crop\dataset soybean\bacterial_blight\bb (27).jpg,bacterial_blight,4
C:\Users\krsan\Desktop\crop\dataset soybean\bacterial_blight\bb (28).jpg,bacterial_blight,3
C:\Users\krsan\Desktop\crop\dataset soybean\bacterial_blight\bb (29).jpg,bacterial_blight,2
C:\Users\krsan\Desktop\crop\dataset soybean\bacterial_blight\bb (3).jpg,bacterial_blight,2
C:\Users\krsan\Desktop\crop\dataset soybean\bacterial_blight\bb (30).jpg,bacterial_blight,2
C:\Users\krsan\Desktop\crop\dataset soybean\bacterial_blight\bb (31).jpg,bacterial_blight,4
C:\Users\krsan\Desktop\crop\dataset soybean\bacterial_blight\bb (32).jpg,bacterial_blight,2
C:\Users\krsan\Desktop\crop\dataset soybean\bacterial_blight\bb (33).jpg,bacterial_blight,3
C:\Users\krsan\Desktop\crop\dataset soybean\bacterial_blight\bb (34).jpg,bacterial_blight,1
C:\Users\krsan\Desktop\crop\dataset soybean\bacterial_blight\bb (35).jpg,bacterial_blight,4
C:\Users\krsan\Desktop\crop\dataset soybean\bacterial_blight\bb (36).jpg,bacterial_blight,2
C:\Users\krsan\Desktop\crop\dataset soybean\bacterial_blight\bb (37).jpg,bacterial_blight,3
C:\Users\krsan\Desktop\crop\dataset soybean\bacterial_blight\bb (38).jpg,bacterial_blight,4
C:\Users\krsan\Desktop\crop\dataset soybean\bacterial_blight\bb (39).jpg,bacterial_blight,1
C:\Users\krsan\Desktop\crop\dataset soybean\bacterial_blight\bb (4).jpg,bacterial_blight,1
C:\Users\krsan\Desktop\crop\dataset soybean\bacterial_blight\bb (40).jpg,bacterial_blight,0
C:\Users\krsan\Desktop\crop\dataset soybean\bacterial_blight\bb (41).jpg,bacterial_blight,2
C:\Users\krsan\Desktop\crop\dataset soybean\bacterial_blight\bb (42).jpg,bacterial_blight,1
C:\Users\krsan\Desktop\crop\dataset soybean\bacterial_blight\bb (43).jpg,bacterial_blight,0
C:\Users\krsan\Desktop\crop\dataset soybean\bacterial_blight\bb (44).jpg,bacterial_blight,1
C:\Users\krsan\Desktop\crop\dataset soybean\bacterial_blight\bb (45).jpg,bacterial_blight,4
C:\Users\krsan\Desktop\crop\dataset soybean\bacterial_blight\bb (46).jpg,bacterial_blight,4
C:\Users\krsan\Desktop\crop\dataset soybean\bacterial_blight\bb (47).jpg,bacterial_blight,3
C:\Users\krsan\Desktop\crop\dataset soybean\bacterial_blight\bb (48).jpg,bacterial_blight,4
C:\Users\krsan\Desktop\crop\dataset soybean\bacterial_blight\bb (49).jpg,bacterial_blight,4
C:\Users\krsan\Desktop\crop\dataset soybean\bacterial_blight\bb (5).jpg,bacterial_blight,1
C:\Users\krsan\Desktop\crop\dataset soybean\bacterial_blight\bb (50).jpg,bacterial_blight,3
C:\Users\krsan\Desktop\crop\dataset soybean\bacterial_blight\bb (6).jpg,bacterial_blight,3
C:\Users\krsan\Desktop\crop\dataset soybean\bacterial_blight\bb (7).jpg,bacterial_blight,0
C:\Users\krsan\Desktop\crop\dataset soybean\bacterial_blight\bb (8).jpg,bacterial_blight,4
C:\Users\krsan\Desktop\crop\dataset soybean\bacterial_blight\bb (9).jpg,bacterial_blight,2
C:\Users\krsan\Desktop\crop\dataset soybean\brown_spot\bs (1).JPG,brown_spot,0
C:\Users\krsan\Desktop\crop\dataset soybean\brown_spot\bs (10).JPG,brown_spot,0
C:\Users\krsan\Desktop\crop\dataset soybean\brown_spot\bs (11).JPG,brown_spot,4
C:\Users\krsan\Desktop\crop\dataset soybean\brown_spot\bs (12).JPG,brown_spot,1
C:\Users\krsan\Desktop\crop\dataset soybean\brown_spot\bs (13).JPG,brown_spot,4
C:\Users\krsan\Desktop\crop\dataset soybean\brown_spot\bs (14).JPG,brown_spot,1
C:\Users\krsan\Desktop\crop\dataset soybean\brown_spot\bs (15).JPG,brown_spot,4
C:\Users\krsan\Desktop\crop\dataset soybean\brown_spot\bs (16).JPG,brown_spot,1
C:\Users\krsan\Desktop\crop\dataset soybean\brown_spot\bs (17).JPG,brown_spot,3
C:\Users\krsan\Desktop\crop\dataset soybean\brown_spot\bs (18).JPG,brown_spot,0
C:\Users\krsan\Desktop\crop\dataset soybean\brown_spot\bs (19).JPG,brown_spot,0
C:\Users\krsan\Desktop\crop\dataset soybean\brown_spot\bs (2).jpg,brown_spot,2
C:\Users\krsan\Desktop\crop\dataset soybean\brown_spot\bs (20).jpg,brown_spot,1
C:\Users\krsan\Desktop\crop\dataset soybean\brown_spot\bs (21).jpg,brown_spot,2
C:\Users\krsan\Desktop\crop\dataset soybean\brown_spot\bs (22).jpg,brown_spot,1
C:\Users\krsan\Desktop\crop\dataset soybean\brown_spot\bs (23).jpg,brown_spot,3
C:\Users\krsan\Desktop\crop\dataset soybean\brown_spot\bs (24).jpg,brown_spot,0
C:\Users\krsan\Desktop\crop\dataset soybean\brown_spot\bs (25).jpg,brown_spot,1
C:\Users\krsan\Desktop\crop\dataset soybean\brown_spot\bs (26).JPG,brown_spot,3
C:\Users\krsan\Desktop\crop\dataset soybean\brown_spot\bs (27).JPG,brown_spot,4
C:\Users\krsan\Desktop\crop\dataset soybean\brown_spot\bs (3).jpg,brown_spot,3
C:\Users\krsan\Desktop\crop\dataset soybean\brown_spot\bs (4).jpg,brown_spot,3
C:\Users\krsan\Desktop\crop\dataset soybean\brown_spot\bs (5).jpg,brown_spot,3
C:\Users\krsan\Desktop\crop\dataset soybean\brown_spot\bs (6).JPG,brown_spot,2
C:\Users\krsan\Desktop\crop\dataset soybean\brown_spot\bs (7).JPG,brown_spot,2
C:\Users\krsan\Desktop\crop\dataset soybean\brown_spot\bs (8).JPG,brown_spot,2
C:\Users\krsan\Desktop\crop\dataset soybean\brown_spot\bs (9).JPG,brown_spot,1
C:\Users\krsan\Desktop\crop\dataset soybean\brown_spot\bs (1).JPG,brown_spot,1
C:\Users\krsan\Desktop\crop\dataset soybean\brown_spot\bs (10).JPG,brown_spot,4
C:\Users\krsan\Desktop\crop\dataset soybean\brown_spot\bs (11).JPG,brown_spot,2
C:\Users\krsan\Desktop\crop\dataset soybean\brown_spot\bs (12).JPG,brown_spot,0
C:\Users\krsan\Desktop\crop\dataset soybean\brown_spot\bs (13).JPG,brown_spot,0
C:\Users\krsan\Desktop\crop\dataset soybean\brown_spot\bs (14).JPG,brown_spot,2
C:\Users\krsan\Desktop\crop\dataset soybean\brown_spot\bs (15).JPG,brown_spot,1
C:\Users\krsan\Desktop\crop\dataset soybean\brown_spot\bs (16).JPG,brown_spot,4
C:\Users\krsan\Desktop\crop\dataset soybean\brown_spot\bs (17).JPG,brown_spot,2
C:\Users\krsan\Desktop\crop\dataset soybean\brown_spot\bs (18).JPG,brown_spot,2
C:\Users\krsan\Desktop\crop\dataset soybean\brown_spot\bs (19).JPG,brown_spot,4
C:\Users\krsan\Desktop\crop\dataset soybean\brown_spot\bs (2).jpg,brown_spot,3
C:\Users\krsan\Desktop\crop\dataset soybean\brown_spot\bs (20).jpg,brown_spot,1
C:\Users\krsan\Desktop\crop\dataset soybean\brown_spot\bs (21).jpg,brown_spot,4
C:\Users\krsan\Desktop\crop\dataset soybean\brown_spot\bs (22).jpg,brown_spot,0
C:\Users\krsan\Desktop\crop\dataset soybean\brown_spot\bs (23).jpg,brown_spot,0
C:\Users\krsan\Desktop\crop\dataset soybean\brown_spot\bs (24).jpg,brown_spot,2
C:\Users\krsan\Desktop\crop\dataset soybean\brown_spot\bs (25).jpg,brown_spot,3
C:\Users\krsan\Desktop\crop\dataset soybean\brown_spot\bs (26).JPG,brown_spot,3
C:\Users\krsan\Desktop\crop\dataset soybean\brown_spot\bs (27).JPG,brown_spot,3
C:\Users\krsan\Desktop\crop\dataset soybean\brown_spot\bs (3).jpg,brown_spot,0
C:\Users\krsan\Desktop\crop\dataset soybean\brown_spot\bs (4).jpg,brown_spot,2
C:\Users\krsan\Desktop\crop\dataset soybean\brown_spot\bs (5).jpg,brown_spot,4
C:\Users\krsan\Desktop\crop\dataset soybean\brown_spot\bs (6).JPG,brown_spot,3
C:\Users\krsan\Desktop\crop\dataset soybean\brown_spot\bs (7).JPG,brown_spot,0
C:\Users\krsan\Desktop\crop\dataset soybean\brown_spot\bs (8).JPG,brown_spot,1
C:\Users\krsan\Desktop\crop\dataset soybean\brown_spot\bs (9).JPG,brown_spot,4
C:\Users\krsan\Desktop\crop\dataset soybean\crestamento\1.jpg,crestamento,4
C:\Users\krsan\Desktop\crop\dataset soybean\crestamento\2.JPG,crestamento,4
C:\Users\krsan\Desktop\crop\dataset soybean\crestamento\3.JPG,crestamento,2
C:\Users\krsan\Desktop\crop\dataset soybean\crestamento\4.jpg,crestamento,0
C:\Users\krsan\Desktop\crop\dataset soybean\crestamento\5.jpg,crestamento,3
C:\Users\krsan\Desktop\crop\dataset soybean\crestamento\1.jpg,crestamento,0
C:\Users\krsan\Desktop\crop\dataset soybean\crestamento\2.JPG,crestamento,1
C:\Users\krsan\Desktop\crop\dataset soybean\crestamento\3.JPG,crestamento,2
C:\Users\krsan\Desktop\crop\dataset soybean\crestamento\4.jpg,crestamento,1
C:\Users\krsan\Desktop\crop\dataset soybean\crestamento\5.jpg,crestamento,3
C:\Users\krsan\Desktop\crop\dataset soybean\ferrugen\DSC_0006.jpg,ferrugen,1
C:\Users\krsan\Desktop\crop\dataset soybean\ferrugen\DSC_0008.jpg,ferrugen,4
C:\Users\krsan\Desktop\crop\dataset soybean\ferrugen\DSC_0009.jpg,ferrugen,0
C:\Users\krsan\Desktop\crop\dataset soybean\ferrugen\DSC_0010.jpg,ferrugen,1
C:\Users\krsan\Desktop\crop\dataset soybean\ferrugen\DSC_0011.jpg,ferrugen,3
C:\Users\krsan\Desktop\crop\dataset soybean\ferrugen\DSC_0013.jpg,ferrugen,0
C:\Users\krsan\Desktop\crop\dataset soybean\ferrugen\DSC_0014.jpg,ferrugen,0
C:\Users\krsan\Desktop\crop\dataset soybean\ferrugen\DSC_0015.jpg,ferrugen,0
C:\Users\krsan\Desktop\crop\dataset soybean\ferrugen\DSC_0016.jpg,ferrugen,1
C:\Users\krsan\Desktop\crop\dataset soybean\ferrugen\DSC_0017.jpg,ferrugen,1
C:\Users\krsan\Desktop\crop\dataset soybean\ferrugen\DSC_0018.jpg,ferrugen,0
C:\Users\krsan\Desktop\crop\dataset soybean\ferrugen\DSC_0019.jpg,ferrugen,3
C:\Users\krsan\Desktop\crop\dataset soybean\ferrugen\DSC_0020.jpg,ferrugen,0
C:\Users\krsan\Desktop\crop\dataset soybean\ferrugen\DSC_0022.jpg,ferrugen,0
C:\Users\krsan\Desktop\crop\dataset soybean\ferrugen\DSC_0024.jpg,ferrugen,1
C:\Users\krsan\Desktop\crop\dataset soybean\ferrugen\DSC_0025.jpg,ferrugen,4
C:\Users\krsan\Desktop\crop\dataset soybean\ferrugen\DSC_0026.jpg,ferrugen,2
C:\Users\krsan\Desktop\crop\dataset soybean\ferrugen\DSC_0027.jpg,ferrugen,3
C:\Users\krsan\Desktop\crop\dataset soybean\ferrugen\DSC_0028.jpg,ferrugen,4
C:\Users\krsan\Desktop\crop\dataset soybean\ferrugen\DSC_0030.jpg,ferrugen,2
C:\Users\krsan\Desktop\crop\dataset soybean\ferrugen\DSC_0031.jpg,ferrugen,0
C:\Users\krsan\Desktop\crop\dataset soybean\ferrugen\DSC_0032.jpg,ferrugen,0
C:\Users\krsan\Desktop\crop\dataset soybean\ferrugen\DSC_0033.jpg,ferrugen,3
C:\Users\krsan\Desktop\crop\dataset soybean\ferrugen\DSC_0034.jpg,ferrugen,2
C:\Users\krsan\Desktop\crop\dataset soybean\ferrugen\DSC_0035.jpg,ferrugen,1
C:\Users\krsan\Desktop\crop\dataset soybean\ferrugen\DSC_0036.jpg,ferrugen,2
C:\Users\krsan\Desktop\crop\dataset soybean\ferrugen\DSC_0037.jpg,ferrugen,2
C:\Users\krsan\Desktop\crop\dataset soybean\ferrugen\DSC_0038.jpg,ferrugen,2
C:\Users\krsan\Desktop\crop\dataset soybean\ferrugen\DSC_0039.jpg,ferrugen,1
C:\Users\krsan\Desktop\crop\dataset soybean\ferrugen\DSC_0040.jpg,ferrugen,4
C:\Users\krsan\Desktop\crop\dataset soybean\ferrugen\DSC_0041.jpg,ferrugen,1
C:\Users\krsan\Desktop\crop\dataset soybean\ferrugen\DSC_0042.jpg,ferrugen,4
C:\Users\krsan\Desktop\crop\dataset soybean\ferrugen\DSC_0043.jpg,ferrugen,2
C:\Users\krsan\Desktop\crop\dataset soybean\ferrugen\DSC_0044.jpg,ferrugen,1
C:\Users\krsan\Desktop\crop\dataset soybean\ferrugen\DSC_0045.jpg,ferrugen,4
C:\Users\krsan\Desktop\crop\dataset soybean\ferrugen\DSC_0048.jpg,ferrugen,1
C:\Users\krsan\Desktop\crop\dataset soybean\ferrugen\DSC_0049.jpg,ferrugen,0
C:\Users\krsan\Desktop\crop\dataset soybean\ferrugen\DSC_0050.jpg,ferrugen,0
C:\Users\krsan\Desktop\crop\dataset soybean\ferrugen\DSC_0055.jpg,ferrugen,4
C:\Users\krsan\Desktop\crop\dataset soybean\ferrugen\DSC_0056.jpg,ferrugen,2
C:\Users\krsan\Desktop\crop\dataset soybean\ferrugen\DSC_0057.jpg,ferrugen,3
C:\Users\krsan\Desktop\crop\dataset soybean\ferrugen\DSC_0058.jpg,ferrugen,1
C:\Users\krsan\Desktop\crop\dataset soybean\ferrugen\DSC_0136.jpg,ferrugen,0
C:\Users\krsan\Desktop\crop\dataset soybean\ferrugen\DSC_0139.jpg,ferrugen,4
C:\Users\krsan\Desktop\crop\dataset soybean\ferrugen\DSC_0140.jpg,ferrugen,1
C:\Users\krsan\Desktop\crop\dataset soybean\ferrugen\DSC_0141.jpg,ferrugen,2
C:\Users\krsan\Desktop\crop\dataset soybean\ferrugen\DSC_0142.jpg,ferrugen,1
C:\Users\krsan\Desktop\crop\dataset soybean\ferrugen\DSC_0143.jpg,ferrugen,0
C:\Users\krsan\Desktop\crop\dataset soybean\ferrugen\DSC_0144.jpg,ferrugen,2
C:\Users\krsan\Desktop\crop\dataset soybean\ferrugen\DSC_0145.jpg,ferrugen,2
C:\Users\krsan\Desktop\crop\dataset soybean\ferrugen\DSC_0147.jpg,ferrugen,3
C:\Users\krsan\Desktop\crop\dataset soybean\ferrugen\DSC_0148.jpg,ferrugen,2
C:\Users\krsan\Desktop\crop\dataset soybean\ferrugen\DSC_0149.jpg,ferrugen,0
C:\Users\krsan\Desktop\crop\dataset soybean\ferrugen\DSC_0151.jpg,ferrugen,3
C:\Users\krsan\Desktop\crop\dataset soybean\ferrugen\DSC_0153.jpg,ferrugen,1
C:\Users\krsan\Desktop\crop\dataset soybean\ferrugen\DSC_0155.jpg,ferrugen,0
C:\Users\krsan\Desktop\crop\dataset soybean\ferrugen\DSC_0157.jpg,ferrugen,3
C:\Users\krsan\Desktop\crop\dataset soybean\ferrugen\DSC_0158.jpg,ferrugen,1
C:\Users\krsan\Desktop\crop\dataset soybean\ferrugen\DSC_0159.jpg,ferrugen,2
C:\Users\krsan\Desktop\crop\dataset soybean\ferrugen\DSC_0162.jpg,ferrugen,0
C:\Users\krsan\Desktop\crop\dataset soybean\ferrugen\DSC_0164.jpg,ferrugen,4
C:\Users\krsan\Desktop\crop\dataset soybean\ferrugen\DSC_0165.jpg,ferrugen,2
C:\Users\krsan\Desktop\crop\dataset soybean\ferrugen\DSC_0169.jpg,ferrugen,4
C:\Users\krsan\Desktop\crop\dataset soybean\ferrugen\DSC_0170.jpg,ferrugen,1
C:\Users\krsan\Desktop\crop\dataset soybean\ferrugen\DSC_0172.jpg,ferrugen,0
C:\Users\krsan\Desktop\crop\dataset soybean\ferrugen\DSC_0006.jpg,ferrugen,0
C:\Users\krsan\Desktop\crop\dataset soybean\ferrugen\DSC_0008.jpg,ferrugen,3
C:\Users\krsan\Desktop\crop\dataset soybean\ferrugen\DSC_0009.jpg,ferrugen,1
C:\Users\krsan\Desktop\crop\dataset soybean\ferrugen\DSC_0010.jpg,ferrugen,0
C:\Users\krsan\Desktop\crop\dataset soybean\ferrugen\DSC_0011.jpg,ferrugen,3
C:\Users\krsan\Desktop\crop\dataset soybean\ferrugen\DSC_0013.jpg,ferrugen,2
C:\Users\krsan\Desktop\crop\dataset soybean\ferrugen\DSC_0014.jpg,ferrugen,2
C:\Users\krsan\Desktop\crop\dataset soybean\ferrugen\DSC_0015.jpg,ferrugen,4
C:\Users\krsan\Desktop\crop\dataset soybean\ferrugen\DSC_0016.jpg,ferrugen,4
C:\Users\krsan\Desktop\crop\dataset soybean\ferrugen\DSC_0017.jpg,ferrugen,3
C:\Users\krsan\Desktop\crop\dataset soybean\ferrugen\DSC_0018.jpg,ferrugen,3
C:\Users\krsan\Desktop\crop\dataset soybean\ferrugen\DSC_0019.jpg,ferrugen,2
C:\Users\krsan\Desktop\crop\dataset soybean\ferrugen\DSC_0020.jpg,ferrugen,3
C:\Users\krsan\Desktop\crop\dataset soybean\ferrugen\DSC_0022.jpg,ferrugen,0
C:\Users\krsan\Desktop\crop\dataset soybean\ferrugen\DSC_0024.jpg,ferrugen,4
C:\Users\krsan\Desktop\crop\dataset soybean\ferrugen\DSC_0025.jpg,ferrugen,2
C:\Users\krsan\Desktop\crop\dataset soybean\ferrugen\DSC_0026.jpg,ferrugen,3
C:\Users\krsan\Desktop\crop\dataset soybean\ferrugen\DSC_0027.jpg,ferrugen,3
C:\Users\krsan\Desktop\crop\dataset soybean\ferrugen\DSC_0028.jpg,ferrugen,3
C:\Users\krsan\Desktop\crop\dataset soybean\ferrugen\DSC_0030.jpg,ferrugen,3
C:\Users\krsan\Desktop\crop\dataset soybean\ferrugen\DSC_0031.jpg,ferrugen,2
C:\Users\krsan\Desktop\crop\dataset soybean\ferrugen\DSC_0032.jpg,ferrugen,4
C:\Users\krsan\Desktop\crop\dataset soybean\ferrugen\DSC_0033.jpg,ferrugen,0
C:\Users\krsan\Desktop\crop\dataset soybean\ferrugen\DSC_0034.jpg,ferrugen,1
C:\Users\krsan\Desktop\crop\dataset soybean\ferrugen\DSC_0035.jpg,ferrugen,0
C:\Users\krsan\Desktop\crop\dataset soybean\ferrugen\DSC_0036.jpg,ferrugen,3
C:\Users\krsan\Desktop\crop\dataset soybean\ferrugen\DSC_0037.jpg,ferrugen,2
C:\Users\krsan\Desktop\crop\dataset soybean\ferrugen\DSC_0038.jpg,ferrugen,3
C:\Users\krsan\Desktop\crop\dataset soybean\ferrugen\DSC_0039.jpg,ferrugen,1
C:\Users\krsan\Desktop\crop\dataset soybean\ferrugen\DSC_0040.jpg,ferrugen,3
C:\Users\krsan\Desktop\crop\dataset soybean\ferrugen\DSC_0041.jpg,ferrugen,1
C:\Users\krsan\Desktop\crop\dataset soybean\ferrugen\DSC_0042.jpg,ferrugen,2
C:\Users\krsan\Desktop\crop\dataset soybean\ferrugen\DSC_0043.jpg,ferrugen,3
C:\Users\krsan\Desktop\crop\dataset soybean\ferrugen\DSC_0044.jpg,ferrugen,0
C:\Users\krsan\Desktop\crop\dataset soybean\ferrugen\DSC_0045.jpg,ferrugen,4
C:\Users\krsan\Desktop\crop\dataset soybean\ferrugen\DSC_0048.jpg,ferrugen,1
C:\Users\krsan\Desktop\crop\dataset soybean\ferrugen\DSC_0049.jpg,ferrugen,4
C:\Users\krsan\Desktop\crop\dataset soybean\ferrugen\DSC_0050.jpg,ferrugen,1
C:\Users\krsan\Desktop\crop\dataset soybean\ferrugen\DSC_0055.jpg,ferrugen,4
C:\Users\krsan\Desktop\crop\dataset soybean\ferrugen\DSC_0056.jpg,ferrugen,0
C:\Users\krsan\Desktop\crop\dataset soybean\ferrugen\DSC_0057.jpg,ferrugen,4
C:\Users\krsan\Desktop\crop\dataset soybean\ferrugen\DSC_0058.jpg,ferrugen,2
C:\Users\krsan\Desktop\crop\dataset soybean\ferrugen\DSC_0136.jpg,ferrugen,2
C:\Users\krsan\Desktop\crop\dataset soybean\ferrugen\DSC_0139.jpg,ferrugen,4
C:\Users\krsan\Desktop\crop\dataset soybean\ferrugen\DSC_0140.jpg,ferrugen,0
C:\Users\krsan\Desktop\crop\dataset soybean\ferrugen\DSC_0141.jpg,ferrugen,4
C:\Users\krsan\Desktop\crop\dataset soybean\ferrugen\DSC_0142.jpg,ferrugen,2
C:\Users\krsan\Desktop\crop\dataset soybean\ferrugen\DSC_0143.jpg,ferrugen,4
C:\Users\krsan\Desktop\crop\dataset soybean\ferrugen\DSC_0144.jpg,ferrugen,1
C:\Users\krsan\Desktop\crop\dataset soybean\ferrugen\DSC_0145.jpg,ferrugen,0
C:\Users\krsan\Desktop\crop\dataset soybean\ferrugen\DSC_0147.jpg,ferrugen,3
C:\Users\krsan\Desktop\crop\dataset soybean\ferrugen\DSC_0148.jpg,ferrugen,4
C:\Users\krsan\Desktop\crop\dataset soybean\ferrugen\DSC_0149.jpg,ferrugen,3
C:\Users\krsan\Desktop\crop\dataset soybean\ferrugen\DSC_0151.jpg,ferrugen,3
C:\Users\krsan\Desktop\crop\dataset soybean\ferrugen\DSC_0153.jpg,ferrugen,3
C:\Users\krsan\Desktop\crop\dataset soybean\ferrugen\DSC_0155.jpg,ferrugen,4
C:\Users\krsan\Desktop\crop\dataset soybean\ferrugen\DSC_0157.jpg,ferrugen,4
C:\Users\krsan\Desktop\crop\dataset soybean\ferrugen\DSC_0158.jpg,ferrugen,2
C:\Users\krsan\Desktop\crop\dataset soybean\ferrugen\DSC_0159.jpg,ferrugen,2
C:\Users\krsan\Desktop\crop\dataset soybean\ferrugen\DSC_0162.jpg,ferrugen,1
C:\Users\krsan\Desktop\crop\dataset soybean\ferrugen\DSC_0164.jpg,ferrugen,3
C:\Users\krsan\Desktop\crop\dataset soybean\ferrugen\DSC_0165.jpg,ferrugen,1
C:\Users\krsan\Desktop\crop\dataset soybean\ferrugen\DSC_0169.jpg,ferrugen,4
C:\Users\krsan\Desktop\crop\dataset soybean\ferrugen\DSC_0170.jpg,ferrugen,4
C:\Users\krsan\Desktop\crop\dataset soybean\ferrugen\DSC_0172.jpg,ferrugen,1
C:\Users\krsan\Desktop\crop\dataset soybean\Mossaic Virus\DSC_0114.jpg,Mossaic Virus,1
C:\Users\krsan\Desktop\crop\dataset soybean\Mossaic Virus\DSC_0127.jpg,Mossaic Virus,1
C:\Users\krsan\Desktop\crop\dataset soybean\Mossaic Virus\DSC_0128.jpg,Mossaic Virus,2
C:\Users\krsan\Desktop\crop\dataset soybean\Mossaic Virus\DSC_0129.jpg,Mossaic Virus,0
C:\Users\krsan\Desktop\crop\dataset soybean\Mossaic Virus\DSC_0130.jpg,Mossaic Virus,2
C:\Users\krsan\Desktop\crop\dataset soybean\Mossaic Virus\DSC_0131.jpg,Mossaic Virus,3
C:\Users\krsan\Desktop\crop\dataset soybean\Mossaic Virus\DSC_0132.jpg,Mossaic Virus,2
C:\Users\krsan\Desktop\crop\dataset soybean\Mossaic Virus\DSC_0133.jpg,Mossaic Virus,4
C:\Users\krsan\Desktop\crop\dataset soybean\Mossaic Virus\DSC_0134.jpg,Mossaic Virus,0
C:\Users\krsan\Desktop\crop\dataset soybean\Mossaic Virus\DSC_0135.jpg,Mossaic Virus,4
C:\Users\krsan\Desktop\crop\dataset soybean\Mossaic Virus\DSC_0136.jpg,Mossaic Virus,3
C:\Users\krsan\Desktop\crop\dataset soybean\Mossaic Virus\DSC_0137.jpg,Mossaic Virus,1
C:\Users\krsan\Desktop\crop\dataset soybean\Mossaic Virus\DSC_0138.jpg,Mossaic Virus,2
C:\Users\krsan\Desktop\crop\dataset soybean\Mossaic Virus\DSC_0139.jpg,Mossaic Virus,3
C:\Users\krsan\Desktop\crop\dataset soybean\Mossaic Virus\DSC_0140.jpg,Mossaic Virus,4
C:\Users\krsan\Desktop\crop\dataset soybean\Mossaic Virus\DSC_0141.jpg,Mossaic Virus,1
C:\Users\krsan\Desktop\crop\dataset soybean\Mossaic Virus\DSC_0142.jpg,Mossaic Virus,4
C:\Users\krsan\Desktop\crop\dataset soybean\Mossaic Virus\DSC_0143.jpg,Mossaic Virus,0
C:\Users\krsan\Desktop\crop\dataset soybean\Mossaic Virus\DSC_0144.jpg,Mossaic Virus,3
C:\Users\krsan\Desktop\crop\dataset soybean\Mossaic Virus\DSC_0145.jpg,Mossaic Virus,2
C:\Users\krsan\Desktop\crop\dataset soybean\Mossaic Virus\DSC_0146.jpg,Mossaic Virus,1
C:\Users\krsan\Desktop\crop\dataset soybean\Mossaic Virus\DSC_0147.jpg,Mossaic Virus,3
C:\Users\krsan\Desktop\crop\dataset soybean\Mossaic Virus\DSC_0114.jpg,Mossaic Virus,0
C:\Users\krsan\Desktop\crop\dataset soybean\Mossaic Virus\DSC_0127.jpg,Mossaic Virus,1
C:\Users\krsan\Desktop\crop\dataset soybean\Mossaic Virus\DSC_0128.jpg,Mossaic Virus,0
C:\Users\krsan\Desktop\crop\dataset soybean\Mossaic Virus\DSC_0129.jpg,Mossaic Virus,0
C:\Users\krsan\Desktop\crop\dataset soybean\Mossaic Virus\DSC_0130.jpg,Mossaic Virus,0
C:\Users\krsan\Desktop\crop\dataset soybean\Mossaic Virus\DSC_0131.jpg,Mossaic Virus,2
C:\Users\krsan\Desktop\crop\dataset soybean\Mossaic Virus\DSC_0132.jpg,Mossaic Virus,2
C:\Users\krsan\Desktop\crop\dataset soybean\Mossaic Virus\DSC_0133.jpg,Mossaic Virus,4
C:\Users\krsan\Desktop\crop\dataset soybean\Mossaic Virus\DSC_0134.jpg,Mossaic Virus,2
C:\Users\krsan\Desktop\crop\dataset soybean\Mossaic Virus\DSC_0135.jpg,Mossaic Virus,1
C:\Users\krsan\Desktop\crop\dataset soybean\Mossaic Virus\DSC_0136.jpg,Mossaic Virus,4
C:\Users\krsan\Desktop\crop\dataset soybean\Mossaic Virus\DSC_0137.jpg,Mossaic Virus,0
C:\Users\krsan\Desktop\crop\dataset soybean\Mossaic Virus\DSC_0138.jpg,Mossaic Virus,3
C:\Users\krsan\Desktop\crop\dataset soybean\Mossaic Virus\DSC_0139.jpg,Mossaic Virus,1
C:\Users\krsan\Desktop\crop\dataset soybean\Mossaic Virus\DSC_0140.jpg,Mossaic Virus,4
C:\Users\krsan\Desktop\crop\dataset soybean\Mossaic Virus\DSC_0141.jpg,Mossaic Virus,0
C:\Users\krsan\Desktop\crop\dataset soybean\Mossaic Virus\DSC_0142.jpg,Mossaic Virus,4
C:\Users\krsan\Desktop\crop\dataset soybean\Mossaic Virus\DSC_0143.jpg,Mossaic Virus,1
C:\Users\krsan\Desktop\crop\dataset soybean\Mossaic Virus\DSC_0144.jpg,Mossaic Virus,3
C:\Users\krsan\Desktop\crop\dataset soybean\Mossaic Virus\DSC_0145.jpg,Mossaic Virus,4
C:\Users\krsan\Desktop\crop\dataset soybean\Mossaic Virus\DSC_0146.jpg,Mossaic Virus,3
C:\Users\krsan\Desktop\crop\dataset soybean\Mossaic Virus\DSC_0147.jpg,Mossaic Virus,2
C:\Users\krsan\Desktop\crop\dataset soybean\powdery_mildew\aug_aug_aug_aug_DSC_0055.jpg,powdery_mildew,1
C:\Users\krsan\Desktop\crop\dataset soybean\powdery_mildew\aug_aug_aug_DSC_0055.jpg,powdery_mildew,0
C:\Users\krsan\Desktop\crop\dataset soybean\powdery_mildew\aug_aug_aug_DSC_0057.jpg,powdery_mildew,1
C:\Users\krsan\Desktop\crop\dataset soybean\powdery_mildew\aug_aug_aug_DSC_0059.jpg,powdery_mildew,3
C:\Users\krsan\Desktop\crop\dataset soybean\powdery_mildew\aug_aug_aug_DSC_0060.jpg,powdery_mildew,3
C:\Users\krsan\Desktop\crop\dataset soybean\powdery_mildew\aug_aug_aug_DSC_0061.jpg,powdery_mildew,1
C:\Users\krsan\Desktop\crop\dataset soybean\powdery_mildew\aug_aug_aug_DSC_0062.jpg,powdery_mildew,4
C:\Users\krsan\Desktop\crop\dataset soybean\powdery_mildew\aug_aug_aug_DSC_0063.jpg,powdery_mildew,3
C:\Users\krsan\Desktop\crop\dataset soybean\powdery_mildew\aug_aug_aug_DSC_0064.jpg,powdery_mildew,3
C:\Users\krsan\Desktop\crop\dataset soybean\powdery_mildew\aug_aug_aug_DSC_0066.jpg,powdery_mildew,4
C:\Users\krsan\Desktop\crop\dataset soybean\powdery_mildew\aug_aug_aug_DSC_0067.jpg,powdery_mildew,0
C:\Users\krsan\Desktop\crop\dataset soybean\powdery_mildew\aug_aug_aug_DSC_0068.jpg,powdery_mildew,4
C:\Users\krsan\Desktop\crop\dataset soybean\powdery_mildew\aug_aug_aug_DSC_0069.jpg,powdery_mildew,2
C:\Users\krsan\Desktop\crop\dataset soybean\powdery_mildew\aug_aug_aug_DSC_0070.jpg,powdery_mildew,3
C:\Users\krsan\Desktop\crop\dataset soybean\powdery_mildew\aug_aug_aug_DSC_0071.jpg,powdery_mildew,0
C:\Users\krsan\Desktop\crop\dataset soybean\powdery_mildew\aug_aug_aug_DSC_0072.jpg,powdery_mildew,2
C:\Users\krsan\Desktop\crop\dataset soybean\powdery_mildew\aug_aug_aug_DSC_0074.jpg,powdery_mildew,3
C:\Users\krsan\Desktop\crop\dataset soybean\powdery_mildew\aug_aug_aug_DSC_0075.jpg,powdery_mildew,4
C:\Users\krsan\Desktop\crop\dataset soybean\powdery_mildew\aug_aug_aug_DSC_0076.jpg,powdery_mildew,1
C:\Users\krsan\Desktop\crop\dataset soybean\powdery_mildew\aug_aug_aug_DSC_0077.jpg,powdery_mildew,2
C:\Users\krsan\Desktop\crop\dataset soybean\powdery_mildew\aug_aug_aug_DSC_0078.jpg,powdery_mildew,0
C:\Users\krsan\Desktop\crop\dataset soybean\powdery_mildew\aug_aug_aug_DSC_0085.jpg,powdery_mildew,1
C:\Users\krsan\Desktop\crop\dataset soybean\powdery_mildew\aug_aug_aug_DSC_0086.jpg,powdery_mildew,0
C:\Users\krsan\Desktop\crop\dataset soybean\powdery_mildew\aug_aug_aug_DSC_0088.jpg,powdery_mildew,1
C:\Users\krsan\Desktop\crop\dataset soybean\powdery_mildew\aug_aug_aug_DSC_0191.jpg,powdery_mildew,1
C:\Users\krsan\Desktop\crop\dataset soybean\powdery_mildew\aug_aug_aug_DSC_0198.jpg,powdery_mildew,2
C:\Users\krsan\Desktop\crop\dataset soybean\powdery_mildew\aug_aug_aug_DSC_0208.jpg,powdery_mildew,1
C:\Users\krsan\Desktop\crop\dataset soybean\powdery_mildew\aug_aug_aug_DSC_0209.jpg,powdery_mildew,1
C:\Users\krsan\Desktop\crop\dataset soybean\powdery_mildew\aug_aug_aug_DSC_0210.jpg,powdery_mildew,3
C:\Users\krsan\Desktop\crop\dataset soybean\powdery_mildew\aug_aug_aug_DSC_0217.jpg,powdery_mildew,0
C:\Users\krsan\Desktop\crop\dataset soybean\powdery_mildew\aug_aug_aug_DSC_0219.jpg,powdery_mildew,2
C:\Users\krsan\Desktop\crop\dataset soybean\powdery_mildew\aug_aug_aug_DSC_0226.jpg,powdery_mildew,1
C:\Users\krsan\Desktop\crop\dataset soybean\powdery_mildew\aug_aug_aug_DSC_0231.jpg,powdery_mildew,1
C:\Users\krsan\Desktop\crop\dataset soybean\powdery_mildew\aug_aug_aug_OidioCVGc.jpg,powdery_mildew,4
C:\Users\krsan\Desktop\crop\dataset soybean\powdery_mildew\aug_aug_aug_Oídio.jpg,powdery_mildew,1
C:\Users\krsan\Desktop\crop\dataset soybean\powdery_mildew\aug_aug_DSC_0055.jpg,powdery_mildew,0
C:\Users\krsan\Desktop\crop\dataset soybean\powdery_mildew\aug_aug_DSC_0057.jpg,powdery_mildew,4
C:\Users\krsan\Desktop\crop\dataset soybean\powdery_mildew\aug_aug_DSC_0059.jpg,powdery_mildew,4
C:\Users\krsan\Desktop\crop\dataset soybean\powdery_mildew\aug_aug_DSC_0060.jpg,powdery_mildew,0
C:\Users\krsan\Desktop\crop\dataset soybean\powdery_mildew\aug_aug_DSC_0061.jpg,powdery_mildew,0
C:\Users\krsan\Desktop\crop\dataset soybean\powdery_mildew\aug_aug_DSC_0062.jpg,powdery_mildew,4
C:\Users\krsan\Desktop\crop\dataset soybean\powdery_mildew\aug_aug_DSC_0063.jpg,powdery_mildew,3
C:\Users\krsan\Desktop\crop\dataset soybean\powdery_mildew\aug_aug_DSC_0064.jpg,powdery_mildew,4
C:\Users\krsan\Desktop\crop\dataset soybean\powdery_mildew\aug_aug_DSC_0066.jpg,powdery_mildew,0
C:\Users\krsan\Desktop\crop\dataset soybean\powdery_mildew\aug_aug_DSC_0067.jpg,powdery_mildew,0
C:\Users\krsan\Desktop\crop\dataset soybean\powdery_mildew\aug_aug_DSC_0068.jpg,powdery_mildew,1
C:\Users\krsan\Desktop\crop\dataset soybean\powdery_mildew\aug_aug_DSC_0069.jpg,powdery_mildew,0
C:\Users\krsan\Desktop\crop\dataset soybean\powdery_mildew\aug_aug_DSC_0070.jpg,powdery_mildew,0
C:\Users\krsan\Desktop\crop\dataset soybean\powdery_mildew\aug_aug_DSC_0071.jpg,powdery_mildew,4
C:\Users\krsan\Desktop\crop\dataset soybean\powdery_mildew\aug_aug_DSC_0072.jpg,powdery_mildew,3
C:\Users\krsan\Desktop\crop\dataset soybean\powdery_mildew\aug_aug_DSC_0074.jpg,powdery_mildew,4
C:\Users\krsan\Desktop\crop\dataset soybean\powdery_mildew\aug_aug_DSC_0075.jpg,powdery_mildew,3
C:\Users\krsan\Desktop\crop\dataset soybean\powdery_mildew\aug_aug_DSC_0076.jpg,powdery_mildew,3
C:\Users\krsan\Desktop\crop\dataset soybean\powdery_mildew\aug_aug_DSC_0077.jpg,powdery_mildew,3
C:\Users\krsan\Desktop\crop\dataset soybean\powdery_mildew\aug_aug_DSC_0078.jpg,powdery_mildew,4
C:\Users\krsan\Desktop\crop\dataset soybean\powdery_mildew\aug_aug_DSC_0085.jpg,powdery_mildew,4
C:\Users\krsan\Desktop\crop\dataset soybean\powdery_mildew\aug_aug_DSC_0086.jpg,powdery_mildew,3
C:\Users\krsan\Desktop\crop\dataset soybean\powdery_mildew\aug_aug_DSC_0088.jpg,powdery_mildew,1
C:\Users\krsan\Desktop\crop\dataset soybean\powdery_mildew\aug_aug_DSC_0191.jpg,powdery_mildew,4
C:\Users\krsan\Desktop\crop\dataset soybean\powdery_mildew\aug_aug_DSC_0198.jpg,powdery_mildew,1
C:\Users\krsan\Desktop\crop\dataset soybean\powdery_mildew\aug_aug_DSC_0208.jpg,powdery_mildew,1
C:\Users\krsan\Desktop\crop\dataset soybean\powdery_mildew\aug_aug_DSC_0209.jpg,powdery_mildew,4
C:\Users\krsan\Desktop\crop\dataset soybean\powdery_mildew\aug_aug_DSC_0210.jpg,powdery_mildew,0
C:\Users\krsan\Desktop\crop\dataset soybean\powdery_mildew\aug_aug_DSC_0217.jpg,powdery_mildew,1
C:\Users\krsan\Desktop\crop\dataset soybean\powdery_mildew\aug_aug_DSC_0219.jpg,powdery_mildew,2
C:\Users\krsan\Desktop\crop\dataset soybean\powdery_mildew\aug_aug_DSC_0226.jpg,powdery_mildew,2
C:\Users\krsan\Desktop\crop\dataset soybean\powdery_mildew\aug_aug_DSC_0231.jpg,powdery_mildew,0
C:\Users\krsan\Desktop\crop\dataset soybean\powdery_mildew\aug_aug_OidioCVGc.jpg,powdery_mildew,1
C:\Users\krsan\Desktop\crop\dataset soybean\powdery_mildew\aug_aug_Oídio.jpg,powdery_mildew,0
C:\Users\krsan\Desktop\crop\dataset soybean\powdery_mildew\aug_DSC_0055.jpg,powdery_mildew,1
C:\Users\krsan\Desktop\crop\dataset soybean\powdery_mildew\aug_DSC_0057.jpg,powdery_mildew,3
C:\Users\krsan\Desktop\crop\dataset soybean\powdery_mildew\aug_DSC_0059.jpg,powdery_mildew,2
C:\Users\krsan\Desktop\crop\dataset soybean\powdery_mildew\aug_DSC_0060.jpg,powdery_mildew,1
C:\Users\krsan\Desktop\crop\dataset soybean\powdery_mildew\aug_DSC_0061.jpg,powdery_mildew,4
C:\Users\krsan\Desktop\crop\dataset soybean\powdery_mildew\aug_DSC_0062.jpg,powdery_mildew,2
C:\Users\krsan\Desktop\crop\dataset soybean\powdery_mildew\aug_DSC_0063.jpg,powdery_mildew,1
C:\Users\krsan\Desktop\crop\dataset soybean\powdery_mildew\aug_DSC_0064.jpg,powdery_mildew,2
C:\Users\krsan\Desktop\crop\dataset soybean\powdery_mildew\aug_DSC_0066.jpg,powdery_mildew,2
C:\Users\krsan\Desktop\crop\dataset soybean\powdery_mildew\aug_DSC_0067.jpg,powdery_mildew,4
C:\Users\krsan\Desktop\crop\dataset soybean\powdery_mildew\aug_DSC_0068.jpg,powdery_mildew,3
C:\Users\krsan\Desktop\crop\dataset soybean\powdery_mildew\aug_DSC_0069.jpg,powdery_mildew,0
C:\Users\krsan\Desktop\crop\dataset soybean\powdery_mildew\aug_DSC_0070.jpg,powdery_mildew,4
C:\Users\krsan\Desktop\crop\dataset soybean\powdery_mildew\aug_DSC_0071.jpg,powdery_mildew,3
C:\Users\krsan\Desktop\crop\dataset soybean\powdery_mildew\aug_DSC_0072.jpg,powdery_mildew,0
C:\Users\krsan\Desktop\crop\dataset soybean\powdery_mildew\aug_DSC_0074.jpg,powdery_mildew,1
C:\Users\krsan\Desktop\crop\dataset soybean\powdery_mildew\aug_DSC_0075.jpg,powdery_mildew,4
C:\Users\krsan\Desktop\crop\dataset soybean\powdery_mildew\aug_DSC_0076.jpg,powdery_mildew,1
C:\Users\krsan\Desktop\crop\dataset soybean\powdery_mildew\aug_DSC_0077.jpg,powdery_mildew,4
C:\Users\krsan\Desktop\crop\dataset soybean\powdery_mildew\aug_DSC_0078.jpg,powdery_mildew,2
C:\Users\krsan\Desktop\crop\dataset soybean\powdery_mildew\aug_DSC_0085.jpg,powdery_mildew,2
C:\Users\krsan\Desktop\crop\dataset soybean\powdery_mildew\aug_DSC_0086.jpg,powdery_mildew,3
C:\Users\krsan\Desktop\crop\dataset soybean\powdery_mildew\aug_DSC_0088.jpg,powdery_mildew,3
C:\Users\krsan\Desktop\crop\dataset soybean\powdery_mildew\aug_DSC_0191.jpg,powdery_mildew,1
C:\Users\krsan\Desktop\crop\dataset soybean\powdery_mildew\aug_DSC_0198.jpg,powdery_mildew,2
C:\Users\krsan\Desktop\crop\dataset soybean\powdery_mildew\aug_DSC_0208.jpg,powdery_mildew,2
C:\Users\krsan\Desktop\crop\dataset soybean\powdery_mildew\aug_DSC_0209.jpg,powdery_mildew,3
C:\Users\krsan\Desktop\crop\dataset soybean\powdery_mildew\aug_DSC_0210.jpg,powdery_mildew,0
C:\Users\krsan\Desktop\crop\dataset soybean\powdery_mildew\aug_DSC_0217.jpg,powdery_mildew,2
C:\Users\krsan\Desktop\crop\dataset soybean\powdery_mildew\aug_DSC_0219.jpg,powdery_mildew,2
C:\Users\krsan\Desktop\crop\dataset soybean\powdery_mildew\aug_DSC_0226.jpg,powdery_mildew,0
C:\Users\krsan\Desktop\crop\dataset soybean\powdery_mildew\aug_DSC_0231.jpg,powdery_mildew,1
C:\Users\krsan\Desktop\crop\dataset soybean\powdery_mildew\aug_OidioCVGc.jpg,powdery_mildew,4
C:\Users\krsan\Desktop\crop\dataset soybean\powdery_mildew\aug_Oídio.jpg,powdery_mildew,1
C:\Users\krsan\Desktop\crop\dataset soybean\powdery_mildew\DSC_0055.jpg,powdery_mildew,3
C:\Users\krsan\Desktop\crop\dataset soybean\powdery_mildew\DSC_0057.jpg,powdery_mildew,2
C:\Users\krsan\Desktop\crop\dataset soybean\powdery_mildew\DSC_0059.jpg,powdery_mildew,4
C:\Users\krsan\Desktop\crop\dataset soybean\powdery_mildew\DSC_0060.jpg,powdery_mildew,2
C:\Users\krsan\Desktop\crop\dataset soybean\powdery_mildew\DSC_0061.jpg,powdery_mildew,3
C:\Users\krsan\Desktop\crop\dataset soybean\powdery_mildew\DSC_0062.jpg,powdery_mildew,3
C:\Users\krsan\Desktop\crop\dataset soybean\powdery_mildew\DSC_0063.jpg,powdery_mildew,2
C:\Users\krsan\Desktop\crop\dataset soybean\powdery_mildew\DSC_0064.jpg,powdery_mildew,1
C:\Users\krsan\Desktop\crop\dataset soybean\powdery_mildew\DSC_0066.jpg,powdery_mildew,3
C:\Users\krsan\Desktop\crop\dataset soybean\powdery_mildew\DSC_0067.jpg,powdery_mildew,2
C:\Users\krsan\Desktop\crop\dataset soybean\powdery_mildew\DSC_0068.jpg,powdery_mildew,3
C:\Users\krsan\Desktop\crop\dataset soybean\powdery_mildew\DSC_0069.jpg,powdery_mildew,4
C:\Users\krsan\Desktop\crop\dataset soybean\powdery_mildew\DSC_0070.jpg,powdery_mildew,3
C:\Users\krsan\Desktop\crop\dataset soybean\powdery_mildew\DSC_0071.jpg,powdery_mildew,1
C:\Users\krsan\Desktop\crop\dataset soybean\powdery_mildew\DSC_0072.jpg,powdery_mildew,0
C:\Users\krsan\Desktop\crop\dataset soybean\powdery_mildew\DSC_0074.jpg,powdery_mildew,3
C:\Users\krsan\Desktop\crop\dataset soybean\powdery_mildew\DSC_0075.jpg,powdery_mildew,3
C:\Users\krsan\Desktop\crop\dataset soybean\powdery_mildew\DSC_0076.jpg,powdery_mildew,3
C:\Users\krsan\Desktop\crop\dataset soybean\powdery_mildew\DSC_0077.jpg,powdery_mildew,4
C:\Users\krsan\Desktop\crop\dataset soybean\powdery_mildew\DSC_0078.jpg,powdery_mildew,2
C:\Users\krsan\Desktop\crop\dataset soybean\powdery_mildew\DSC_0085.jpg,powdery_mildew,4
C:\Users\krsan\Desktop\crop\dataset soybean\powdery_mildew\DSC_0086.jpg,powdery_mildew,1
C:\Users\krsan\Desktop\crop\dataset soybean\powdery_mildew\DSC_0088.jpg,powdery_mildew,4
C:\Users\krsan\Desktop\crop\dataset soybean\powdery_mildew\DSC_0191.jpg,powdery_mildew,2
C:\Users\krsan\Desktop\crop\dataset soybean\powdery_mildew\DSC_0198.jpg,powdery_mildew,1
C:\Users\krsan\Desktop\crop\dataset soybean\powdery_mildew\DSC_0208.jpg,powdery_mildew,0
C:\Users\krsan\Desktop\crop\dataset soybean\powdery_mildew\DSC_0209.jpg,powdery_mildew,1
C:\Users\krsan\Desktop\crop\dataset soybean\powdery_mildew\DSC_0210.jpg,powdery_mildew,0
C:\Users\krsan\Desktop\crop\dataset soybean\powdery_mildew\DSC_0217.jpg,powdery_mildew,3
C:\Users\krsan\Desktop\crop\dataset soybean\powdery_mildew\DSC_0219.jpg,powdery_mildew,2
C:\Users\krsan\Desktop\crop\dataset soybean\powdery_mildew\DSC_0226.jpg,powdery_mildew,1
C:\Users\krsan\Desktop\crop\dataset soybean\powdery_mildew\DSC_0231.jpg,powdery_mildew,0
C:\Users\krsan\Desktop\crop\dataset soybean\powdery_mildew\OidioCVGc.jpg,powdery_mildew,2
C:\Users\krsan\Desktop\crop\dataset soybean\powdery_mildew\Oídio.jpg,powdery_mildew,2
C:\Users\krsan\Desktop\crop\dataset soybean\powdery_mildew\aug_aug_aug_aug_DSC_0055.jpg,powdery_mildew,1
C:\Users\krsan\Desktop\crop\dataset soybean\powdery_mildew\aug_aug_aug_DSC_0055.jpg,powdery_mildew,0
C:\Users\krsan\Desktop\crop\dataset soybean\powdery_mildew\aug_aug_aug_DSC_0057.jpg,powdery_mildew,0
C:\Users\krsan\Desktop\crop\dataset soybean\powdery_mildew\aug_aug_aug_DSC_0059.jpg,powdery_mildew,2
C:\Users\krsan\Desktop\crop\dataset soybean\powdery_mildew\aug_aug_aug_DSC_0060.jpg,powdery_mildew,4
C:\Users\krsan\Desktop\crop\dataset soybean\powdery_mildew\aug_aug_aug_DSC_0061.jpg,powdery_mildew,2
C:\Users\krsan\Desktop\crop\dataset soybean\powdery_mildew\aug_aug_aug_DSC_0062.jpg,powdery_mildew,2
C:\Users\krsan\Desktop\crop\dataset soybean\powdery_mildew\aug_aug_aug_DSC_0063.jpg,powdery_mildew,4
C:\Users\krsan\Desktop\crop\dataset soybean\powdery_mildew\aug_aug_aug_DSC_0064.jpg,powdery_mildew,4
C:\Users\krsan\Desktop\crop\dataset soybean\powdery_mildew\aug_aug_aug_DSC_0066.jpg,powdery_mildew,0
C:\Users\krsan\Desktop\crop\dataset soybean\powdery_mildew\aug_aug_aug_DSC_0067.jpg,powdery_mildew,1
C:\Users\krsan\Desktop\crop\dataset soybean\powdery_mildew\aug_aug_aug_DSC_0068.jpg,powdery_mildew,2
C:\Users\krsan\Desktop\crop\dataset soybean\powdery_mildew\aug_aug_aug_DSC_0069.jpg,powdery_mildew,1
C:\Users\krsan\Desktop\crop\dataset soybean\powdery_mildew\aug_aug_aug_DSC_0070.jpg,powdery_mildew,4
C:\Users\krsan\Desktop\crop\dataset soybean\powdery_mildew\aug_aug_aug_DSC_0071.jpg,powdery_mildew,3
C:\Users\krsan\Desktop\crop\dataset soybean\powdery_mildew\aug_aug_aug_DSC_0072.jpg,powdery_mildew,0
C:\Users\krsan\Desktop\crop\dataset soybean\powdery_mildew\aug_aug_aug_DSC_0074.jpg,powdery_mildew,3
C:\Users\krsan\Desktop\crop\dataset soybean\powdery_mildew\aug_aug_aug_DSC_0075.jpg,powdery_mildew,2
C:\Users\krsan\Desktop\crop\dataset soybean\powdery_mildew\aug_aug_aug_DSC_0076.jpg,powdery_mildew,2
C:\Users\krsan\Desktop\crop\dataset soybean\powdery_mildew\aug_aug_aug_DSC_0077.jpg,powdery_mildew,4
C:\Users\krsan\Desktop\crop\dataset soybean\powdery_mildew\aug_aug_aug_DSC_0078.jpg,powdery_mildew,4
C:\Users\krsan\Desktop\crop\dataset soybean\powdery_mildew\aug_aug_aug_DSC_0085.jpg,powdery_mildew,1
C:\Users\krsan\Desktop\crop\dataset soybean\powdery_mildew\aug_aug_aug_DSC_0086.jpg,powdery_mildew,2
C:\Users\krsan\Desktop\crop\dataset soybean\powdery_mildew\aug_aug_aug_DSC_0088.jpg,powdery_mildew,4
C:\Users\krsan\Desktop\crop\dataset soybean\powdery_mildew\aug_aug_aug_DSC_0191.jpg,powdery_mildew,4
C:\Users\krsan\Desktop\crop\dataset soybean\powdery_mildew\aug_aug_aug_DSC_0198.jpg,powdery_mildew,3
C:\Users\krsan\Desktop\crop\dataset soybean\powdery_mildew\aug_aug_aug_DSC_0208.jpg,powdery_mildew,0
C:\Users\krsan\Desktop\crop\dataset soybean\powdery_mildew\aug_aug_aug_DSC_0209.jpg,powdery_mildew,0
C:\Users\krsan\Desktop\crop\dataset soybean\powdery_mildew\aug_aug_aug_DSC_0210.jpg,powdery_mildew,3
C:\Users\krsan\Desktop\crop\dataset soybean\powdery_mildew\aug_aug_aug_DSC_0217.jpg,powdery_mildew,0
C:\Users\krsan\Desktop\crop\dataset soybean\powdery_mildew\aug_aug_aug_DSC_0219.jpg,powdery_mildew,1
C:\Users\krsan\Desktop\crop\dataset soybean\powdery_mildew\aug_aug_aug_DSC_0226.jpg,powdery_mildew,4
C:\Users\krsan\Desktop\crop\dataset soybean\powdery_mildew\aug_aug_aug_DSC_0231.jpg,powdery_mildew,1
C:\Users\krsan\Desktop\crop\dataset soybean\powdery_mildew\aug_aug_aug_OidioCVGc.jpg,powdery_mildew,4
C:\Users\krsan\Desktop\crop\dataset soybean\powdery_mildew\aug_aug_aug_Oídio.jpg,powdery_mildew,1
C:\Users\krsan\Desktop\crop\dataset soybean\powdery_mildew\aug_aug_DSC_0055.jpg,powdery_mildew,0
C:\Users\krsan\Desktop\crop\dataset soybean\powdery_mildew\aug_aug_DSC_0057.jpg,powdery_mildew,1
C:\Users\krsan\Desktop\crop\dataset soybean\powdery_mildew\aug_aug_DSC_0059.jpg,powdery_mildew,3
C:\Users\krsan\Desktop\crop\dataset soybean\powdery_mildew\aug_aug_DSC_0060.jpg,powdery_mildew,0
C:\Users\krsan\Desktop\crop\dataset soybean\powdery_mildew\aug_aug_DSC_0061.jpg,powdery_mildew,3
C:\Users\krsan\Desktop\crop\dataset soybean\powdery_mildew\aug_aug_DSC_0062.jpg,powdery_mildew,1
C:\Users\krsan\Desktop\crop\dataset soybean\powdery_mildew\aug_aug_DSC_0063.jpg,powdery_mildew,4
C:\Users\krsan\Desktop\crop\dataset soybean\powdery_mildew\aug_aug_DSC_0064.jpg,powdery_mildew,0
C:\Users\krsan\Desktop\crop\dataset soybean\powdery_mildew\aug_aug_DSC_0066.jpg,powdery_mildew,1
C:\Users\krsan\Desktop\crop\dataset soybean\powdery_mildew\aug_aug_DSC_0067.jpg,powdery_mildew,3
C:\Users\krsan\Desktop\crop\dataset soybean\powdery_mildew\aug_aug_DSC_0068.jpg,powdery_mildew,3
C:\Users\krsan\Desktop\crop\dataset soybean\powdery_mildew\aug_aug_DSC_0069.jpg,powdery_mildew,4
C:\Users\krsan\Desktop\crop\dataset soybean\powdery_mildew\aug_aug_DSC_0070.jpg,powdery_mildew,3
C:\Users\krsan\Desktop\crop\dataset soybean\powdery_mildew\aug_aug_DSC_0071.jpg,powdery_mildew,3
C:\Users\krsan\Desktop\crop\dataset soybean\powdery_mildew\aug_aug_DSC_0072.jpg,powdery_mildew,4
C:\Users\krsan\Desktop\crop\dataset soybean\powdery_mildew\aug_aug_DSC_0074.jpg,powdery_mildew,2
C:\Users\krsan\Desktop\crop\dataset soybean\powdery_mildew\aug_aug_DSC_0075.jpg,powdery_mildew,2
C:\Users\krsan\Desktop\crop\dataset soybean\powdery_mildew\aug_aug_DSC_0076.jpg,powdery_mildew,3
C:\Users\krsan\Desktop\crop\dataset soybean\powdery_mildew\aug_aug_DSC_0077.jpg,powdery_mildew,1
C:\Users\krsan\Desktop\crop\dataset soybean\powdery_mildew\aug_aug_DSC_0078.jpg,powdery_mildew,3
C:\Users\krsan\Desktop\crop\dataset soybean\powdery_mildew\aug_aug_DSC_0085.jpg,powdery_mildew,4
C:\Users\krsan\Desktop\crop\dataset soybean\powdery_mildew\aug_aug_DSC_0086.jpg,powdery_mildew,0
C:\Users\krsan\Desktop\crop\dataset soybean\powdery_mildew\aug_aug_DSC_0088.jpg,powdery_mildew,4
C:\Users\krsan\Desktop\crop\dataset soybean\powdery_mildew\aug_aug_DSC_0191.jpg,powdery_mildew,4
C:\Users\krsan\Desktop\crop\dataset soybean\powdery_mildew\aug_aug_DSC_0198.jpg,powdery_mildew,4
C:\Users\krsan\Desktop\crop\dataset soybean\powdery_mildew\aug_aug_DSC_0208.jpg,powdery_mildew,1
C:\Users\krsan\Desktop\crop\dataset soybean\powdery_mildew\aug_aug_DSC_0209.jpg,powdery_mildew,1
C:\Users\krsan\Desktop\crop\dataset soybean\powdery_mildew\aug_aug_DSC_0210.jpg,powdery_mildew,1
C:\Users\krsan\Desktop\crop\dataset soybean\powdery_mildew\aug_aug_DSC_0217.jpg,powdery_mildew,2
C:\Users\krsan\Desktop\crop\dataset soybean\powdery_mildew\aug_aug_DSC_0219.jpg,powdery_mildew,2
C:\Users\krsan\Desktop\crop\dataset soybean\powdery_mildew\aug_aug_DSC_0226.jpg,powdery_mildew,2
C:\Users\krsan\Desktop\crop\dataset soybean\powdery_mildew\aug_aug_DSC_0231.jpg,powdery_mildew,2
C:\Users\krsan\Desktop\crop\dataset soybean\powdery_mildew\aug_aug_OidioCVGc.jpg,powdery_mildew,0
C:\Users\krsan\Desktop\crop\dataset soybean\powdery_mildew\aug_aug_Oídio.jpg,powdery_mildew,1
C:\Users\krsan\Desktop\crop\dataset soybean\powdery_mildew\aug_DSC_0055.jpg,powdery_mildew,0
C:\Users\krsan\Desktop\crop\dataset soybean\powdery_mildew\aug_DSC_0057.jpg,powdery_mildew,3
C:\Users\krsan\Desktop\crop\dataset soybean\powdery_mildew\aug_DSC_0059.jpg,powdery_mildew,0
C:\Users\krsan\Desktop\crop\dataset soybean\powdery_mildew\aug_DSC_0060.jpg,powdery_mildew,1
C:\Users\krsan\Desktop\crop\dataset soybean\powdery_mildew\aug_DSC_0061.jpg,powdery_mildew,2
C:\Users\krsan\Desktop\crop\dataset soybean\powdery_mildew\aug_DSC_0062.jpg,powdery_mildew,1
C:\Users\krsan\Desktop\crop\dataset soybean\powdery_mildew\aug_DSC_0063.jpg,powdery_mildew,0
C:\Users\krsan\Desktop\crop\dataset soybean\powdery_mildew\aug_DSC_0064.jpg,powdery_mildew,2
C:\Users\krsan\Desktop\crop\dataset soybean\powdery_mildew\aug_DSC_0066.jpg,powdery_mildew,2
C:\Users\krsan\Desktop\crop\dataset soybean\powdery_mildew\aug_DSC_0067.jpg,powdery_mildew,0
C:\Users\krsan\Desktop\crop\dataset soybean\powdery_mildew\aug_DSC_0068.jpg,powdery_mildew,4
C:\Users\krsan\Desktop\crop\dataset soybean\powdery_mildew\aug_DSC_0069.jpg,powdery_mildew,0
C:\Users\krsan\Desktop\crop\dataset soybean\powdery_mildew\aug_DSC_0070.jpg,powdery_mildew,3
C:\Users\krsan\Desktop\crop\dataset soybean\powdery_mildew\aug_DSC_0071.jpg,powdery_mildew,0
C:\Users\krsan\Desktop\crop\dataset soybean\powdery_mildew\aug_DSC_0072.jpg,powdery_mildew,3
C:\Users\krsan\Desktop\crop\dataset soybean\powdery_mildew\aug_DSC_0074.jpg,powdery_mildew,0
C:\Users\krsan\Desktop\crop\dataset soybean\powdery_mildew\aug_DSC_0075.jpg,powdery_mildew,2
C:\Users\krsan\Desktop\crop\dataset soybean\powdery_mildew\aug_DSC_0076.jpg,powdery_mildew,4
C:\Users\krsan\Desktop\crop\dataset soybean\powdery_mildew\aug_DSC_0077.jpg,powdery_mildew,4
C:\Users\krsan\Desktop\crop\dataset soybean\powdery_mildew\aug_DSC_0078.jpg,powdery_mildew,4
C:\Users\krsan\Desktop\crop\dataset soybean\powdery_mildew\aug_DSC_0085.jpg,powdery_mildew,3
C:\Users\krsan\Desktop\crop\dataset soybean\powdery_mildew\aug_DSC_0086.jpg,powdery_mildew,2
C:\Users\krsan\Desktop\crop\dataset soybean\powdery_mildew\aug_DSC_0088.jpg,powdery_mildew,2
C:\Users\krsan\Desktop\crop\dataset soybean\powdery_mildew\aug_DSC_0191.jpg,powdery_mildew,2
C:\Users\krsan\Desktop\crop\dataset soybean\powdery_mildew\aug_DSC_0198.jpg,powdery_mildew,3
C:\Users\krsan\Desktop\crop\dataset soybean\powdery_mildew\aug_DSC_0208.jpg,powdery_mildew,2
C:\Users\krsan\Desktop\crop\dataset soybean\powdery_mildew\aug_DSC_0209.jpg,powdery_mildew,1
C:\Users\krsan\Desktop\crop\dataset soybean\powdery_mildew\aug_DSC_0210.jpg,powdery_mildew,3
C:\Users\krsan\Desktop\crop\dataset soybean\powdery_mildew\aug_DSC_0217.jpg,powdery_mildew,0
C:\Users\krsan\Desktop\crop\dataset soybean\powdery_mildew\aug_DSC_0219.jpg,powdery_mildew,2
C:\Users\krsan\Desktop\crop\dataset soybean\powdery_mildew\aug_DSC_0226.jpg,powdery_mildew,0
C:\Users\krsan\Desktop\crop\dataset soybean\powdery_mildew\aug_DSC_0231.jpg,powdery_mildew,3
C:\Users\krsan\Desktop\crop\dataset soybean\powdery_mildew\aug_OidioCVGc.jpg,powdery_mildew,1
C:\Users\krsan\Desktop\crop\dataset soybean\powdery_mildew\aug_Oídio.jpg,powdery_mildew,4
C:\Users\krsan\Desktop\crop\dataset soybean\powdery_mildew\DSC_0055.jpg,powdery_mildew,1
C:\Users\krsan\Desktop\crop\dataset soybean\powdery_mildew\DSC_0057.jpg,powdery_mildew,0
C:\Users\krsan\Desktop\crop\dataset soybean\powdery_mildew\DSC_0059.jpg,powdery_mildew,4
C:\Users\krsan\Desktop\crop\dataset soybean\powdery_mildew\DSC_0060.jpg,powdery_mildew,4
C:\Users\krsan\Desktop\crop\dataset soybean\powdery_mildew\DSC_0061.jpg,powdery_mildew,0
C:\Users\krsan\Desktop\crop\dataset soybean\powdery_mildew\DSC_0062.jpg,powdery_mildew,0
C:\Users\krsan\Desktop\crop\dataset soybean\powdery_mildew\DSC_0063.jpg,powdery_mildew,2
C:\Users\krsan\Desktop\crop\dataset soybean\powdery_mildew\DSC_0064.jpg,powdery_mildew,1
C:\Users\krsan\Desktop\crop\dataset soybean\powdery_mildew\DSC_0066.jpg,powdery_mildew,2
C:\Users\krsan\Desktop\crop\dataset soybean\powdery_mildew\DSC_0067.jpg,powdery_mildew,3
C:\Users\krsan\Desktop\crop\dataset soybean\powdery_mildew\DSC_0068.jpg,powdery_mildew,2
C:\Users\krsan\Desktop\crop\dataset soybean\powdery_mildew\DSC_0069.jpg,powdery_mildew,3
C:\Users\krsan\Desktop\crop\dataset soybean\powdery_mildew\DSC_0070.jpg,powdery_mildew,4
C:\Users\krsan\Desktop\crop\dataset soybean\powdery_mildew\DSC_0071.jpg,powdery_mildew,3
C:\Users\krsan\Desktop\crop\dataset soybean\powdery_mildew\DSC_0072.jpg,powdery_mildew,2
C:\Users\krsan\Desktop\crop\dataset soybean\powdery_mildew\DSC_0074.jpg,powdery_mildew,4
C:\Users\krsan\Desktop\crop\dataset soybean\powdery_mildew\DSC_0075.jpg,powdery_mildew,3
C:\Users\krsan\Desktop\crop\dataset soybean\powdery_mildew\DSC_0076.jpg,powdery_mildew,4
C:\Users\krsan\Desktop\crop\dataset soybean\powdery_mildew\DSC_0077.jpg,powdery_mildew,1
C:\Users\krsan\Desktop\crop\dataset soybean\powdery_mildew\DSC_0078.jpg,powdery_mildew,3
C:\Users\krsan\Desktop\crop\dataset soybean\powdery_mildew\DSC_0085.jpg,powdery_mildew,0
C:\Users\krsan\Desktop\crop\dataset soybean\powdery_mildew\DSC_0086.jpg,powdery_mildew,4
C:\Users\krsan\Desktop\crop\dataset soybean\powdery_mildew\DSC_0088.jpg,powdery_mildew,1
C:\Users\krsan\Desktop\crop\dataset soybean\powdery_mildew\DSC_0191.jpg,powdery_mildew,0
C:\Users\krsan\Desktop\crop\dataset soybean\powdery_mildew\DSC_0198.jpg,powdery_mildew,0
C:\Users\krsan\Desktop\crop\dataset soybean\powdery_mildew\DSC_0208.jpg,powdery_mildew,2
C:\Users\krsan\Desktop\crop\dataset soybean\powdery_mildew\DSC_0209.jpg,powdery_mildew,4
C:\Users\krsan\Desktop\crop\dataset soybean\powdery_mildew\DSC_0210.jpg,powdery_mildew,3
C:\Users\krsan\Desktop\crop\dataset soybean\powdery_mildew\DSC_0217.jpg,powdery_mildew,0
C:\Users\krsan\Desktop\crop\dataset soybean\powdery_mildew\DSC_0219.jpg,powdery_mildew,0
C:\Users\krsan\Desktop\crop\dataset soybean\powdery_mildew\DSC_0226.jpg,powdery_mildew,3
C:\Users\krsan\Desktop\crop\dataset soybean\powdery_mildew\DSC_0231.jpg,powdery_mildew,0
C:\Users\krsan\Desktop\crop\dataset soybean\powdery_mildew\OidioCVGc.jpg,powdery_mildew,0
C:\Users\krsan\Desktop\crop\dataset soybean\powdery_mildew\Oídio.jpg,powdery_mildew,2
C:\Users\krsan\Desktop\crop\dataset soybean\septoria\DSC_0073.jpg,septoria,2
C:\Users\krsan\Desktop\crop\dataset soybean\septoria\DSC_0079.jpg,septoria,2
C:\Users\krsan\Desktop\crop\dataset soybean\septoria\DSC_0080.jpg,septoria,2
C:\Users\krsan\Desktop\crop\dataset soybean\septoria\DSC_0081.jpg,septoria,4
C:\Users\krsan\Desktop\crop\dataset soybean\septoria\DSC_0082.jpg,septoria,0
C:\Users\krsan\Desktop\crop\dataset soybean\septoria\DSC_0083.jpg,septoria,0
C:\Users\krsan\Desktop\crop\dataset soybean\septoria\DSC_0084.jpg,septoria,3
C:\Users\krsan\Desktop\crop\dataset soybean\septoria\DSC_0089.jpg,septoria,2
C:\Users\krsan\Desktop\crop\dataset soybean\septoria\DSC_0090.jpg,septoria,0
C:\Users\krsan\Desktop\crop\dataset soybean\septoria\DSC_0091.jpg,septoria,3
C:\Users\krsan\Desktop\crop\dataset soybean\septoria\DSC_0092.jpg,septoria,2
C:\Users\krsan\Desktop\crop\dataset soybean\septoria\DSC_0093.jpg,septoria,4
C:\Users\krsan\Desktop\crop\dataset soybean\septoria\DSC_0094.jpg,septoria,4
C:\Users\krsan\Desktop\crop\dataset soybean\septoria\septoria2cvgb.jpg,septoria,3
C:\Users\krsan\Desktop\crop\dataset soybean\septoria\Septoriab.jpg,septoria,4
C:\Users\krsan\Desktop\crop\dataset soybean\septoria\Septoriac.jpg,septoria,0
C:\Users\krsan\Desktop\crop\dataset soybean\septoria\Septoriaf.jpg,septoria,3
C:\Users\krsan\Desktop\crop\dataset soybean\septoria\Septoriag.jpg,septoria,3
C:\Users\krsan\Desktop\crop\dataset soybean\septoria\Septoriah.jpg,septoria,0
C:\Users\krsan\Desktop\crop\dataset soybean\septoria\Septoriai.jpg,septoria,1
C:\Users\krsan\Desktop\crop\dataset soybean\septoria\SeptoriaInicio.JPG,septoria,4
C:\Users\krsan\Desktop\crop\dataset soybean\septoria\DSC_0073.jpg,septoria,0
C:\Users\krsan\Desktop\crop\dataset soybean\septoria\DSC_0079.jpg,septoria,0
C:\Users\krsan\Desktop\crop\dataset soybean\septoria\DSC_0080.jpg,septoria,2
C:\Users\krsan\Desktop\crop\dataset soybean\septoria\DSC_0081.jpg,septoria,3
C:\Users\krsan\Desktop\crop\dataset soybean\septoria\DSC_0082.jpg,septoria,1
C:\Users\krsan\Desktop\crop\dataset soybean\septoria\DSC_0083.jpg,septoria,1
C:\Users\krsan\Desktop\crop\dataset soybean\septoria\DSC_0084.jpg,septoria,1
C:\Users\krsan\Desktop\crop\dataset soybean\septoria\DSC_0089.jpg,septoria,1
C:\Users\krsan\Desktop\crop\dataset soybean\septoria\DSC_0090.jpg,septoria,2
C:\Users\krsan\Desktop\crop\dataset soybean\septoria\DSC_0091.jpg,septoria,3
C:\Users\krsan\Desktop\crop\dataset soybean\septoria\DSC_0092.jpg,septoria,1
C:\Users\krsan\Desktop\crop\dataset soybean\septoria\DSC_0093.jpg,septoria,3
C:\Users\krsan\Desktop\crop\dataset soybean\septoria\DSC_0094.jpg,septoria,4
C:\Users\krsan\Desktop\crop\dataset soybean\septoria\septoria2cvgb.jpg,septoria,4
C:\Users\krsan\Desktop\crop\dataset soybean\septoria\Septoriab.jpg,septoria,0
C:\Users\krsan\Desktop\crop\dataset soybean\septoria\Septoriac.jpg,septoria,3
C:\Users\krsan\Desktop\crop\dataset soybean\septoria\Septoriaf.jpg,septoria,1
C:\Users\krsan\Desktop\crop\dataset soybean\septoria\Septoriag.jpg,septoria,1
C:\Users\krsan\Desktop\crop\dataset soybean\septoria\Septoriah.jpg,septoria,2
C:\Users\krsan\Desktop\crop\dataset soybean\septoria\Septoriai.jpg,septoria,4
C:\Users\krsan\Desktop\crop\dataset soybean\septoria\SeptoriaInicio.JPG,septoria,2
C:\Users\krsan\Desktop\crop\dataset soybean\Southern blight\DSC_0023.jpg,Southern blight,4
C:\Users\krsan\Desktop\crop\dataset soybean\Southern blight\DSC_0024.jpg,Southern blight,1
C:\Users\krsan\Desktop\crop\dataset soybean\Southern blight\DSC_0025.jpg,Southern blight,2
C:\Users\krsan\Desktop\crop\dataset soybean\Southern blight\DSC_0026.jpg,Southern blight,2
C:\Users\krsan\Desktop\crop\dataset soybean\Southern blight\DSC_0027.jpg,Southern blight,0
C:\Users\krsan\Desktop\crop\dataset soybean\Southern blight\DSC_0028.jpg,Southern blight,2
C:\Users\krsan\Desktop\crop\dataset soybean\Southern blight\DSC_0029 (2).jpg,Southern blight,2
C:\Users\krsan\Desktop\crop\dataset soybean\Southern blight\DSC_0029.jpg,Southern blight,1
C:\Users\krsan\Desktop\crop\dataset soybean\Southern blight\DSC_0030.jpg,Southern blight,2
C:\Users\krsan\Desktop\crop\dataset soybean\Southern blight\DSC_0031.jpg,Southern blight,4
C:\Users\krsan\Desktop\crop\dataset soybean\Southern blight\DSC_0032.jpg,Southern blight,3
C:\Users\krsan\Desktop\crop\dataset soybean\Southern blight\DSC_0033.jpg,Southern blight,3
C:\Users\krsan\Desktop\crop\dataset soybean\Southern blight\DSC_0034.jpg,Southern blight,1
C:\Users\krsan\Desktop\crop\dataset soybean\Southern blight\DSC_0035.jpg,Southern blight,4
C:\Users\krsan\Desktop\crop\dataset soybean\Southern blight\DSC_0036.jpg,Southern blight,0
C:\Users\krsan\Desktop\crop\dataset soybean\Southern blight\DSC_0037.jpg,Southern blight,3
C:\Users\krsan\Desktop\crop\dataset soybean\Southern blight\DSC_0038.jpg,Southern blight,3
C:\Users\krsan\Desktop\crop\dataset soybean\Southern blight\DSC_0039.jpg,Southern blight,1
C:\Users\krsan\Desktop\crop\dataset soybean\Southern blight\DSC_0040.jpg,Southern blight,1
C:\Users\krsan\Desktop\crop\dataset soybean\Southern blight\DSC_0041.jpg,Southern blight,3
C:\Users\krsan\Desktop\crop\dataset soybean\Southern blight\DSC_0042.jpg,Southern blight,2
C:\Users\krsan\Desktop\crop\dataset soybean\Southern blight\DSC_0043.jpg,Southern blight,1
C:\Users\krsan\Desktop\crop\dataset soybean\Southern blight\DSC_0044.jpg,Southern blight,1
C:\Users\krsan\Desktop\crop\dataset soybean\Southern blight\DSC_0045.jpg,Southern blight,2
C:\Users\krsan\Desktop\crop\dataset soybean\Southern blight\DSC_0046.jpg,Southern blight,4
C:\Users\krsan\Desktop\crop\dataset soybean\Southern blight\DSC_0047.jpg,Southern blight,2
C:\Users\krsan\Desktop\crop\dataset soybean\Southern blight\DSC_0049.jpg,Southern blight,0
C:\Users\krsan\Desktop\crop\dataset soybean\Southern blight\DSC_0050.jpg,Southern blight,3
C:\Users\krsan\Desktop\crop\dataset soybean\Southern blight\DSC_0051 (2).jpg,Southern blight,4
C:\Users\krsan\Desktop\crop\dataset soybean\Southern blight\DSC_0051.jpg,Southern blight,0
C:\Users\krsan\Desktop\crop\dataset soybean\Southern blight\DSC_0052 (2).jpg,Southern blight,3
C:\Users\krsan\Desktop\crop\dataset soybean\Southern blight\DSC_0052.jpg,Southern blight,4
C:\Users\krsan\Desktop\crop\dataset soybean\Southern blight\DSC_0053.jpg,Southern blight,3
C:\Users\krsan\Desktop\crop\dataset soybean\Southern blight\DSC_0054.jpg,Southern blight,3
C:\Users\krsan\Desktop\crop\dataset soybean\Southern blight\DSC_0059.jpg,Southern blight,1
C:\Users\krsan\Desktop\crop\dataset soybean\Southern blight\DSC_0061.jpg,Southern blight,1
C:\Users\krsan\Desktop\crop\dataset soybean\Southern blight\DSC_0095.jpg,Southern blight,4
C:\Users\krsan\Desktop\crop\dataset soybean\Southern blight\DSC_0096.jpg,Southern blight,3
C:\Users\krsan\Desktop\crop\dataset soybean\Southern blight\DSC_0097.jpg,Southern blight,4
C:\Users\krsan\Desktop\crop\dataset soybean\Southern blight\DSC_0098.jpg,Southern blight,0
C:\Users\krsan\Desktop\crop\dataset soybean\Southern blight\DSC_0099.jpg,Southern blight,0
C:\Users\krsan\Desktop\crop\dataset soybean\Southern blight\DSC_0100.jpg,Southern blight,1
C:\Users\krsan\Desktop\crop\dataset soybean\Southern blight\DSC_0101.jpg,Southern blight,1
C:\Users\krsan\Desktop\crop\dataset soybean\Southern blight\DSC_0102.jpg,Southern blight,1
C:\Users\krsan\Desktop\crop\dataset soybean\Southern blight\DSC_0103.jpg,Southern blight,1
C:\Users\krsan\Desktop\crop\dataset soybean\Southern blight\DSC_0104.jpg,Southern blight,2
C:\Users\krsan\Desktop\crop\dataset soybean\Southern blight\DSC_0105.jpg,Southern blight,2
C:\Users\krsan\Desktop\crop\dataset soybean\Southern blight\DSC_0106.jpg,Southern blight,2
C:\Users\krsan\Desktop\crop\dataset soybean\Southern blight\DSC_0107.jpg,Southern blight,1
C:\Users\krsan\Desktop\crop\dataset soybean\Southern blight\DSC_0108.jpg,Southern blight,3
C:\Users\krsan\Desktop\crop\dataset soybean\Southern blight\DSC_0109.jpg,Southern blight,2
C:\Users\krsan\Desktop\crop\dataset soybean\Southern blight\DSC_0110.jpg,Southern blight,3
C:\Users\krsan\Desktop\crop\dataset soybean\Southern blight\DSC_0113.jpg,Southern blight,1
C:\Users\krsan\Desktop\crop\dataset soybean\Southern blight\DSC_0122.jpg,Southern blight,0
C:\Users\krsan\Desktop\crop\dataset soybean\Southern blight\DSC_0124.jpg,Southern blight,3
C:\Users\krsan\Desktop\crop\dataset soybean\Southern blight\DSC_0135.jpg,Southern blight,4
C:\Users\krsan\Desktop\crop\dataset soybean\Southern blight\DSC_0150.jpg,Southern blight,0
C:\Users\krsan\Desktop\crop\dataset soybean\Southern blight\DSC_0152.jpg,Southern blight,2
C:\Users\krsan\Desktop\crop\dataset soybean\Southern blight\DSC_0156.jpg,Southern blight,3
C:\Users\krsan\Desktop\crop\dataset soybean\Southern blight\DSC_0160.jpg,Southern blight,0
C:\Users\krsan\Desktop\crop\dataset soybean\Southern blight\DSC_0171.jpg,Southern blight,0
C:\Users\krsan\Desktop\crop\dataset soybean\Southern blight\DSC_0174.jpg,Southern blight,0
C:\Users\krsan\Desktop\crop\dataset soybean\Southern blight\DSC_0023.jpg,Southern blight,3
C:\Users\krsan\Desktop\crop\dataset soybean\Southern blight\DSC_0024.jpg,Southern blight,0
C:\Users\krsan\Desktop\crop\dataset soybean\Southern blight\DSC_0025.jpg,Southern blight,0
C:\Users\krsan\Desktop\crop\dataset soybean\Southern blight\DSC_0026.jpg,Southern blight,3
C:\Users\krsan\Desktop\crop\dataset soybean\Southern blight\DSC_0027.jpg,Southern blight,4
C:\Users\krsan\Desktop\crop\dataset soybean\Southern blight\DSC_0028.jpg,Southern blight,3
C:\Users\krsan\Desktop\crop\dataset soybean\Southern blight\DSC_0029 (2).jpg,Southern blight,4
C:\Users\krsan\Desktop\crop\dataset soybean\Southern blight\DSC_0029.jpg,Southern blight,0
C:\Users\krsan\Desktop\crop\dataset soybean\Southern blight\DSC_0030.jpg,Southern blight,0
C:\Users\krsan\Desktop\crop\dataset soybean\Southern blight\DSC_0031.jpg,Southern blight,1
C:\Users\krsan\Desktop\crop\dataset soybean\Southern blight\DSC_0032.jpg,Southern blight,3
C:\Users\krsan\Desktop\crop\dataset soybean\Southern blight\DSC_0033.jpg,Southern blight,0
C:\Users\krsan\Desktop\crop\dataset soybean\Southern blight\DSC_0034.jpg,Southern blight,2
C:\Users\krsan\Desktop\crop\dataset soybean\Southern blight\DSC_0035.jpg,Southern blight,4
C:\Users\krsan\Desktop\crop\dataset soybean\Southern blight\DSC_0036.jpg,Southern blight,4
C:\Users\krsan\Desktop\crop\dataset soybean\Southern blight\DSC_0037.jpg,Southern blight,4
C:\Users\krsan\Desktop\crop\dataset soybean\Southern blight\DSC_0038.jpg,Southern blight,2
C:\Users\krsan\Desktop\crop\dataset soybean\Southern blight\DSC_0039.jpg,Southern blight,0
C:\Users\krsan\Desktop\crop\dataset soybean\Southern blight\DSC_0040.jpg,Southern blight,1
C:\Users\krsan\Desktop\crop\dataset soybean\Southern blight\DSC_0041.jpg,Southern blight,4
C:\Users\krsan\Desktop\crop\dataset soybean\Southern blight\DSC_0042.jpg,Southern blight,3
C:\Users\krsan\Desktop\crop\dataset soybean\Southern blight\DSC_0043.jpg,Southern blight,1
C:\Users\krsan\Desktop\crop\dataset soybean\Southern blight\DSC_0044.jpg,Southern blight,4
C:\Users\krsan\Desktop\crop\dataset soybean\Southern blight\DSC_0045.jpg,Southern blight,1
C:\Users\krsan\Desktop\crop\dataset soybean\Southern blight\DSC_0046.jpg,Southern blight,4
C:\Users\krsan\Desktop\crop\dataset soybean\Southern blight\DSC_0047.jpg,Southern blight,0
C:\Users\krsan\Desktop\crop\dataset soybean\Southern blight\DSC_0049.jpg,Southern blight,1
C:\Users\krsan\Desktop\crop\dataset soybean\Southern blight\DSC_0050.jpg,Southern blight,1
C:\Users\krsan\Desktop\crop\dataset soybean\Southern blight\DSC_0051 (2).jpg,Southern blight,2
C:\Users\krsan\Desktop\crop\dataset soybean\Southern blight\DSC_0051.jpg,Southern blight,0
C:\Users\krsan\Desktop\crop\dataset soybean\Southern blight\DSC_0052 (2).jpg,Southern blight,2
C:\Users\krsan\Desktop\crop\dataset soybean\Southern blight\DSC_0052.jpg,Southern blight,2
C:\Users\krsan\Desktop\crop\dataset soybean\Southern blight\DSC_0053.jpg,Southern blight,4
C:\Users\krsan\Desktop\crop\dataset soybean\Southern blight\DSC_0054.jpg,Southern blight,3
C:\Users\krsan\Desktop\crop\dataset soybean\Southern blight\DSC_0059.jpg,Southern blight,0
C:\Users\krsan\Desktop\crop\dataset soybean\Southern blight\DSC_0061.jpg,Southern blight,0
C:\Users\krsan\Desktop\crop\dataset soybean\Southern blight\DSC_0095.jpg,Southern blight,4
C:\Users\krsan\Desktop\crop\dataset soybean\Southern blight\DSC_0096.jpg,Southern blight,4
C:\Users\krsan\Desktop\crop\dataset soybean\Southern blight\DSC_0097.jpg,Southern blight,2
C:\Users\krsan\Desktop\crop\dataset soybean\Southern blight\DSC_0098.jpg,Southern blight,4
C:\Users\krsan\Desktop\crop\dataset soybean\Southern blight\DSC_0099.jpg,Southern blight,0
C:\Users\krsan\Desktop\crop\dataset soybean\Southern blight\DSC_0100.jpg,Southern blight,2
C:\Users\krsan\Desktop\crop\dataset soybean\Southern blight\DSC_0101.jpg,Southern blight,3
C:\Users\krsan\Desktop\crop\dataset soybean\Southern blight\DSC_0102.jpg,Southern blight,0
C:\Users\krsan\Desktop\crop\dataset soybean\Southern blight\DSC_0103.jpg,Southern blight,4
C:\Users\krsan\Desktop\crop\dataset soybean\Southern blight\DSC_0104.jpg,Southern blight,2
C:\Users\krsan\Desktop\crop\dataset soybean\Southern blight\DSC_0105.jpg,Southern blight,4
C:\Users\krsan\Desktop\crop\dataset soybean\Southern blight\DSC_0106.jpg,Southern blight,4
C:\Users\krsan\Desktop\crop\dataset soybean\Southern blight\DSC_0107.jpg,Southern blight,3
C:\Users\krsan\Desktop\crop\dataset soybean\Southern blight\DSC_0108.jpg,Southern blight,2
C:\Users\krsan\Desktop\crop\dataset soybean\Southern blight\DSC_0109.jpg,Southern blight,3
C:\Users\krsan\Desktop\crop\dataset soybean\Southern blight\DSC_0110.jpg,Southern blight,1
C:\Users\krsan\Desktop\crop\dataset soybean\Southern blight\DSC_0113.jpg,Southern blight,2
C:\Users\krsan\Desktop\crop\dataset soybean\Southern blight\DSC_0122.jpg,Southern blight,4
C:\Users\krsan\Desktop\crop\dataset soybean\Southern blight\DSC_0124.jpg,Southern blight,2
C:\Users\krsan\Desktop\crop\dataset soybean\Southern blight\DSC_0135.jpg,Southern blight,0
C:\Users\krsan\Desktop\crop\dataset soybean\Southern blight\DSC_0150.jpg,Southern blight,1
C:\Users\krsan\Desktop\crop\dataset soybean\Southern blight\DSC_0152.jpg,Southern blight,2
C:\Users\krsan\Desktop\crop\dataset soybean\Southern blight\DSC_0156.jpg,Southern blight,1
C:\Users\krsan\Desktop\crop\dataset soybean\Southern blight\DSC_0160.jpg,Southern blight,0
C:\Users\krsan\Desktop\crop\dataset soybean\Southern blight\DSC_0171.jpg,Southern blight,1
C:\Users\krsan\Desktop\crop\dataset soybean\Southern blight\DSC_0174.jpg,Southern blight,3
C:\Users\krsan\Desktop\crop\dataset soybean\Sudden Death Syndrone\Sudden DS (1).jpg,Sudden Death Syndrone,2
C:\Users\krsan\Desktop\crop\dataset soybean\Sudden Death Syndrone\Sudden DS (10).jpg,Sudden Death Syndrone,0
C:\Users\krsan\Desktop\crop\dataset soybean\Sudden Death Syndrone\Sudden DS (100).jpg,Sudden Death Syndrone,3
C:\Users\krsan\Desktop\crop\dataset soybean\Sudden Death Syndrone\Sudden DS (101).jpg,Sudden Death Syndrone,3
C:\Users\krsan\Desktop\crop\dataset soybean\Sudden Death Syndrone\Sudden DS (102).jpg,Sudden Death Syndrone,1
C:\Users\krsan\Desktop\crop\dataset soybean\Sudden Death Syndrone\Sudden DS (103).jpg,Sudden Death Syndrone,3
C:\Users\krsan\Desktop\crop\dataset soybean\Sudden Death Syndrone\Sudden DS (104).jpg,Sudden Death Syndrone,3
C:\Users\krsan\Desktop\crop\dataset soybean\Sudden Death Syndrone\Sudden DS (105).jpg,Sudden Death Syndrone,4
C:\Users\krsan\Desktop\crop\dataset soybean\Sudden Death Syndrone\Sudden DS (106).jpg,Sudden Death Syndrone,2
C:\Users\krsan\Desktop\crop\dataset soybean\Sudden Death Syndrone\Sudden DS (107).jpg,Sudden Death Syndrone,1
C:\Users\krsan\Desktop\crop\dataset soybean\Sudden Death Syndrone\Sudden DS (108).jpg,Sudden Death Syndrone,1
C:\Users\krsan\Desktop\crop\dataset soybean\Sudden Death Syndrone\Sudden DS (109).jpg,Sudden Death Syndrone,2
C:\Users\krsan\Desktop\crop\dataset soybean\Sudden Death Syndrone\Sudden DS (11).jpg,Sudden Death Syndrone,4
C:\Users\krsan\Desktop\crop\dataset soybean\Sudden Death Syndrone\Sudden DS (110).jpg,Sudden Death Syndrone,4
C:\Users\krsan\Desktop\crop\dataset soybean\Sudden Death Syndrone\Sudden DS (12).jpg,Sudden Death Syndrone,2
C:\Users\krsan\Desktop\crop\dataset soybean\Sudden Death Syndrone\Sudden DS (13).jpg,Sudden Death Syndrone,3
C:\Users\krsan\Desktop\crop\dataset soybean\Sudden Death Syndrone\Sudden DS (14).jpg,Sudden Death Syndrone,0
C:\Users\krsan\Desktop\crop\dataset soybean\Sudden Death Syndrone\Sudden DS (15).jpg,Sudden Death Syndrone,1
C:\Users\krsan\Desktop\crop\dataset soybean\Sudden Death Syndrone\Sudden DS (16).jpg,Sudden Death Syndrone,3
C:\Users\krsan\Desktop\crop\dataset soybean\Sudden Death Syndrone\Sudden DS (17).jpg,Sudden Death Syndrone,2
C:\Users\krsan\Desktop\crop\dataset soybean\Sudden Death Syndrone\Sudden DS (18).jpg,Sudden Death Syndrone,3
C:\Users\krsan\Desktop\crop\dataset soybean\Sudden Death Syndrone\Sudden DS (19).jpg,Sudden Death Syndrone,3
C:\Users\krsan\Desktop\crop\dataset soybean\Sudden Death Syndrone\Sudden DS (2).jpg,Sudden Death Syndrone,1
C:\Users\krsan\Desktop\crop\dataset soybean\Sudden Death Syndrone\Sudden DS (20).jpg,Sudden Death Syndrone,0
C:\Users\krsan\Desktop\crop\dataset soybean\Sudden Death Syndrone\Sudden DS (21).jpg,Sudden Death Syndrone,3
C:\Users\krsan\Desktop\crop\dataset soybean\Sudden Death Syndrone\Sudden DS (22).jpg,Sudden Death Syndrone,0
C:\Users\krsan\Desktop\crop\dataset soybean\Sudden Death Syndrone\Sudden DS (23).jpg,Sudden Death Syndrone,0
C:\Users\krsan\Desktop\crop\dataset soybean\Sudden Death Syndrone\Sudden DS (24).jpg,Sudden Death Syndrone,1
C:\Users\krsan\Desktop\crop\dataset soybean\Sudden Death Syndrone\Sudden DS (25).jpg,Sudden Death Syndrone,0
C:\Users\krsan\Desktop\crop\dataset soybean\Sudden Death Syndrone\Sudden DS (26).jpg,Sudden Death Syndrone,2
C:\Users\krsan\Desktop\crop\dataset soybean\Sudden Death Syndrone\Sudden DS (27).jpg,Sudden Death Syndrone,2
C:\Users\krsan\Desktop\crop\dataset soybean\Sudden Death Syndrone\Sudden DS (28).jpg,Sudden Death Syndrone,2
C:\Users\krsan\Desktop\crop\dataset soybean\Sudden Death Syndrone\Sudden DS (29).jpg,Sudden Death Syndrone,3
C:\Users\krsan\Desktop\crop\dataset soybean\Sudden Death Syndrone\Sudden DS (3).jpg,Sudden Death Syndrone,2
C:\Users\krsan\Desktop\crop\dataset soybean\Sudden Death Syndrone\Sudden DS (30).jpg,Sudden Death Syndrone,0
C:\Users\krsan\Desktop\crop\dataset soybean\Sudden Death Syndrone\Sudden DS (31).jpg,Sudden Death Syndrone,3
C:\Users\krsan\Desktop\crop\dataset soybean\Sudden Death Syndrone\Sudden DS (32).jpg,Sudden Death Syndrone,2
C:\Users\krsan\Desktop\crop\dataset soybean\Sudden Death Syndrone\Sudden DS (33).jpg,Sudden Death Syndrone,1
C:\Users\krsan\Desktop\crop\dataset soybean\Sudden Death Syndrone\Sudden DS (34).jpg,Sudden Death Syndrone,3
C:\Users\krsan\Desktop\crop\dataset soybean\Sudden Death Syndrone\Sudden DS (35).jpg,Sudden Death Syndrone,0
C:\Users\krsan\Desktop\crop\dataset soybean\Sudden Death Syndrone\Sudden DS (36).jpg,Sudden Death Syndrone,1
C:\Users\krsan\Desktop\crop\dataset soybean\Sudden Death Syndrone\Sudden DS (37).jpg,Sudden Death Syndrone,4
C:\Users\krsan\Desktop\crop\dataset soybean\Sudden Death Syndrone\Sudden DS (38).jpg,Sudden Death Syndrone,0
C:\Users\krsan\Desktop\crop\dataset soybean\Sudden Death Syndrone\Sudden DS (39).jpg,Sudden Death Syndrone,1
C:\Users\krsan\Desktop\crop\dataset soybean\Sudden Death Syndrone\Sudden DS (4).jpg,Sudden Death Syndrone,2
C:\Users\krsan\Desktop\crop\dataset soybean\Sudden Death Syndrone\Sudden DS (40).jpg,Sudden Death Syndrone,3
C:\Users\krsan\Desktop\crop\dataset soybean\Sudden Death Syndrone\Sudden DS (41).jpg,Sudden Death Syndrone,3
C:\Users\krsan\Desktop\crop\dataset soybean\Sudden Death Syndrone\Sudden DS (42).jpg,Sudden Death Syndrone,4
C:\Users\krsan\Desktop\crop\dataset soybean\Sudden Death Syndrone\Sudden DS (43).jpg,Sudden Death Syndrone,4
C:\Users\krsan\Desktop\crop\dataset soybean\Sudden Death Syndrone\Sudden DS (44).jpg,Sudden Death Syndrone,4
C:\Users\krsan\Desktop\crop\dataset soybean\Sudden Death Syndrone\Sudden DS (45).jpg,Sudden Death Syndrone,3
C:\Users\krsan\Desktop\crop\dataset soybean\Sudden Death Syndrone\Sudden DS (46).jpg,Sudden Death Syndrone,0
C:\Users\krsan\Desktop\crop\dataset soybean\Sudden Death Syndrone\Sudden DS (47).jpg,Sudden Death Syndrone,3
C:\Users\krsan\Desktop\crop\dataset soybean\Sudden Death Syndrone\Sudden DS (48).jpg,Sudden Death Syndrone,0
C:\Users\krsan\Desktop\crop\dataset soybean\Sudden Death Syndrone\Sudden DS (49).jpg,Sudden Death Syndrone,4
C:\Users\krsan\Desktop\crop\dataset soybean\Sudden Death Syndrone\Sudden DS (5).jpg,Sudden Death Syndrone,1
C:\Users\krsan\Desktop\crop\dataset soybean\Sudden Death Syndrone\Sudden DS (50).jpg,Sudden Death Syndrone,0
C:\Users\krsan\Desktop\crop\dataset soybean\Sudden Death Syndrone\Sudden DS (51).jpg,Sudden Death Syndrone,0
C:\Users\krsan\Desktop\crop\dataset soybean\Sudden Death Syndrone\Sudden DS (52).jpg,Sudden Death Syndrone,1
C:\Users\krsan\Desktop\crop\dataset soybean\Sudden Death Syndrone\Sudden DS (53).jpg,Sudden Death Syndrone,2
C:\Users\krsan\Desktop\crop\dataset soybean\Sudden Death Syndrone\Sudden DS (54).jpg,Sudden Death Syndrone,0
C:\Users\krsan\Desktop\crop\dataset soybean\Sudden Death Syndrone\Sudden DS (55).jpg,Sudden Death Syndrone,4
C:\Users\krsan\Desktop\crop\dataset soybean\Sudden Death Syndrone\Sudden DS (56).jpg,Sudden Death Syndrone,2
C:\Users\krsan\Desktop\crop\dataset soybean\Sudden Death Syndrone\Sudden DS (57).jpg,Sudden Death Syndrone,1
C:\Users\krsan\Desktop\crop\dataset soybean\Sudden Death Syndrone\Sudden DS (58).jpg,Sudden Death Syndrone,3
C:\Users\krsan\Desktop\crop\dataset soybean\Sudden Death Syndrone\Sudden DS (59).jpg,Sudden Death Syndrone,4
C:\Users\krsan\Desktop\crop\dataset soybean\Sudden Death Syndrone\Sudden DS (6).jpg,Sudden Death Syndrone,4
C:\Users\krsan\Desktop\crop\dataset soybean\Sudden Death Syndrone\Sudden DS (60).jpg,Sudden Death Syndrone,2
C:\Users\krsan\Desktop\crop\dataset soybean\Sudden Death Syndrone\Sudden DS (61).jpg,Sudden Death Syndrone,1
C:\Users\krsan\Desktop\crop\dataset soybean\Sudden Death Syndrone\Sudden DS (62).jpg,Sudden Death Syndrone,0
C:\Users\krsan\Desktop\crop\dataset soybean\Sudden Death Syndrone\Sudden DS (63).jpg,Sudden Death Syndrone,3
C:\Users\krsan\Desktop\crop\dataset soybean\Sudden Death Syndrone\Sudden DS (64).jpg,Sudden Death Syndrone,0
C:\Users\krsan\Desktop\crop\dataset soybean\Sudden Death Syndrone\Sudden DS (65).jpg,Sudden Death Syndrone,4
C:\Users\krsan\Desktop\crop\dataset soybean\Sudden Death Syndrone\Sudden DS (66).jpg,Sudden Death Syndrone,4
C:\Users\krsan\Desktop\crop\dataset soybean\Sudden Death Syndrone\Sudden DS (67).jpg,Sudden Death Syndrone,0
C:\Users\krsan\Desktop\crop\dataset soybean\Sudden Death Syndrone\Sudden DS (68).jpg,Sudden Death Syndrone,3
C:\Users\krsan\Desktop\crop\dataset soybean\Sudden Death Syndrone\Sudden DS (69).jpg,Sudden Death Syndrone,1
C:\Users\krsan\Desktop\crop\dataset soybean\Sudden Death Syndrone\Sudden DS (7).jpg,Sudden Death Syndrone,4
C:\Users\krsan\Desktop\crop\dataset soybean\Sudden Death Syndrone\Sudden DS (70).jpg,Sudden Death Syndrone,3
C:\Users\krsan\Desktop\crop\dataset soybean\Sudden Death Syndrone\Sudden DS (71).jpg,Sudden Death Syndrone,0
C:\Users\krsan\Desktop\crop\dataset soybean\Sudden Death Syndrone\Sudden DS (72).jpg,Sudden Death Syndrone,3
C:\Users\krsan\Desktop\crop\dataset soybean\Sudden Death Syndrone\Sudden DS (73).jpg,Sudden Death Syndrone,0
C:\Users\krsan\Desktop\crop\dataset soybean\Sudden Death Syndrone\Sudden DS (74).jpg,Sudden Death Syndrone,0
C:\Users\krsan\Desktop\crop\dataset soybean\Sudden Death Syndrone\Sudden DS (75).jpg,Sudden Death Syndrone,2
C:\Users\krsan\Desktop\crop\dataset soybean\Sudden Death Syndrone\Sudden DS (76).jpg,Sudden Death Syndrone,2
C:\Users\krsan\Desktop\crop\dataset soybean\Sudden Death Syndrone\Sudden DS (77).jpg,Sudden Death Syndrone,3
C:\Users\krsan\Desktop\crop\dataset soybean\Sudden Death Syndrone\Sudden DS (78).jpg,Sudden Death Syndrone,3
C:\Users\krsan\Desktop\crop\dataset soybean\Sudden Death Syndrone\Sudden DS (79).jpg,Sudden Death Syndrone,3
C:\Users\krsan\Desktop\crop\dataset soybean\Sudden Death Syndrone\Sudden DS (8).jpg,Sudden Death Syndrone,4
C:\Users\krsan\Desktop\crop\dataset soybean\Sudden Death Syndrone\Sudden DS (80).jpg,Sudden Death Syndrone,0
C:\Users\krsan\Desktop\crop\dataset soybean\Sudden Death Syndrone\Sudden DS (81).jpg,Sudden Death Syndrone,2
C:\Users\krsan\Desktop\crop\dataset soybean\Sudden Death Syndrone\Sudden DS (82).jpg,Sudden Death Syndrone,3
C:\Users\krsan\Desktop\crop\dataset soybean\Sudden Death Syndrone\Sudden DS (83).jpg,Sudden Death Syndrone,2
C:\Users\krsan\Desktop\crop\dataset soybean\Sudden Death Syndrone\Sudden DS (84).jpg,Sudden Death Syndrone,1
C:\Users\krsan\Desktop\crop\dataset soybean\Sudden Death Syndrone\Sudden DS (85).jpg,Sudden Death Syndrone,1
C:\Users\krsan\Desktop\crop\dataset soybean\Sudden Death Syndrone\Sudden DS (86).jpg,Sudden Death Syndrone,2
C:\Users\krsan\Desktop\crop\dataset soybean\Sudden Death Syndrone\Sudden DS (87).jpg,Sudden Death Syndrone,1
C:\Users\krsan\Desktop\crop\dataset soybean\Sudden Death Syndrone\Sudden DS (88).jpg,Sudden Death Syndrone,1
C:\Users\krsan\Desktop\crop\dataset soybean\Sudden Death Syndrone\Sudden DS (89).jpg,Sudden Death Syndrone,3
C:\Users\krsan\Desktop\crop\dataset soybean\Sudden Death Syndrone\Sudden DS (9).jpg,Sudden Death Syndrone,0
C:\Users\krsan\Desktop\crop\dataset soybean\Sudden Death Syndrone\Sudden DS (90).jpg,Sudden Death Syndrone,1
C:\Users\krsan\Desktop\crop\dataset soybean\Sudden Death Syndrone\Sudden DS (91).jpg,Sudden Death Syndrone,0
C:\Users\krsan\Desktop\crop\dataset soybean\Sudden Death Syndrone\Sudden DS (92).jpg,Sudden Death Syndrone,1
C:\Users\krsan\Desktop\crop\dataset soybean\Sudden Death Syndrone\Sudden DS (93).jpg,Sudden Death Syndrone,2
C:\Users\krsan\Desktop\crop\dataset soybean\Sudden Death Syndrone\Sudden DS (94).jpg,Sudden Death Syndrone,4
C:\Users\krsan\Desktop\crop\dataset soybean\Sudden Death Syndrone\Sudden DS (95).jpg,Sudden Death Syndrone,1
C:\Users\krsan\Desktop\crop\dataset soybean\Sudden Death Syndrone\Sudden DS (96).jpg,Sudden Death Syndrone,3
C:\Users\krsan\Desktop\crop\dataset soybean\Sudden Death Syndrone\Sudden DS (97).jpg,Sudden Death Syndrone,1
C:\Users\krsan\Desktop\crop\dataset soybean\Sudden Death Syndrone\Sudden DS (98).jpg,Sudden Death Syndrone,2
C:\Users\krsan\Desktop\crop\dataset soybean\Sudden Death Syndrone\Sudden DS (99).jpg,Sudden Death Syndrone,4
C:\Users\krsan\Desktop\crop\dataset soybean\Sudden Death Syndrone\Sudden DS (1).jpg,Sudden Death Syndrone,2
C:\Users\krsan\Desktop\crop\dataset soybean\Sudden Death Syndrone\Sudden DS (10).jpg,Sudden Death Syndrone,2
C:\Users\krsan\Desktop\crop\dataset soybean\Sudden Death Syndrone\Sudden DS (100).jpg,Sudden Death Syndrone,4
C:\Users\krsan\Desktop\crop\dataset soybean\Sudden Death Syndrone\Sudden DS (101).jpg,Sudden Death Syndrone,1
C:\Users\krsan\Desktop\crop\dataset soybean\Sudden Death Syndrone\Sudden DS (102).jpg,Sudden Death Syndrone,2
C:\Users\krsan\Desktop\crop\dataset soybean\Sudden Death Syndrone\Sudden DS (103).jpg,Sudden Death Syndrone,0
C:\Users\krsan\Desktop\crop\dataset soybean\Sudden Death Syndrone\Sudden DS (104).jpg,Sudden Death Syndrone,3
C:\Users\krsan\Desktop\crop\dataset soybean\Sudden Death Syndrone\Sudden DS (105).jpg,Sudden Death Syndrone,0
C:\Users\krsan\Desktop\crop\dataset soybean\Sudden Death Syndrone\Sudden DS (106).jpg,Sudden Death Syndrone,4
C:\Users\krsan\Desktop\crop\dataset soybean\Sudden Death Syndrone\Sudden DS (107).jpg,Sudden Death Syndrone,3
C:\Users\krsan\Desktop\crop\dataset soybean\Sudden Death Syndrone\Sudden DS (108).jpg,Sudden Death Syndrone,0
C:\Users\krsan\Desktop\crop\dataset soybean\Sudden Death Syndrone\Sudden DS (109).jpg,Sudden Death Syndrone,0
C:\Users\krsan\Desktop\crop\dataset soybean\Sudden Death Syndrone\Sudden DS (11).jpg,Sudden Death Syndrone,0
C:\Users\krsan\Desktop\crop\dataset soybean\Sudden Death Syndrone\Sudden DS (110).jpg,Sudden Death Syndrone,3
C:\Users\krsan\Desktop\crop\dataset soybean\Sudden Death Syndrone\Sudden DS (12).jpg,Sudden Death Syndrone,2
C:\Users\krsan\Desktop\crop\dataset soybean\Sudden Death Syndrone\Sudden DS (13).jpg,Sudden Death Syndrone,1
C:\Users\krsan\Desktop\crop\dataset soybean\Sudden Death Syndrone\Sudden DS (14).jpg,Sudden Death Syndrone,3
C:\Users\krsan\Desktop\crop\dataset soybean\Sudden Death Syndrone\Sudden DS (15).jpg,Sudden Death Syndrone,4
C:\Users\krsan\Desktop\crop\dataset soybean\Sudden Death Syndrone\Sudden DS (16).jpg,Sudden Death Syndrone,2
C:\Users\krsan\Desktop\crop\dataset soybean\Sudden Death Syndrone\Sudden DS (17).jpg,Sudden Death Syndrone,2
C:\Users\krsan\Desktop\crop\dataset soybean\Sudden Death Syndrone\Sudden DS (18).jpg,Sudden Death Syndrone,0
C:\Users\krsan\Desktop\crop\dataset soybean\Sudden Death Syndrone\Sudden DS (19).jpg,Sudden Death Syndrone,3
C:\Users\krsan\Desktop\crop\dataset soybean\Sudden Death Syndrone\Sudden DS (2).jpg,Sudden Death Syndrone,2
C:\Users\krsan\Desktop\crop\dataset soybean\Sudden Death Syndrone\Sudden DS (20).jpg,Sudden Death Syndrone,3
C:\Users\krsan\Desktop\crop\dataset soybean\Sudden Death Syndrone\Sudden DS (21).jpg,Sudden Death Syndrone,0
C:\Users\krsan\Desktop\crop\dataset soybean\Sudden Death Syndrone\Sudden DS (22).jpg,Sudden Death Syndrone,4
C:\Users\krsan\Desktop\crop\dataset soybean\Sudden Death Syndrone\Sudden DS (23).jpg,Sudden Death Syndrone,4
C:\Users\krsan\Desktop\crop\dataset soybean\Sudden Death Syndrone\Sudden DS (24).jpg,Sudden Death Syndrone,1
C:\Users\krsan\Desktop\crop\dataset soybean\Sudden Death Syndrone\Sudden DS (25).jpg,Sudden Death Syndrone,2
C:\Users\krsan\Desktop\crop\dataset soybean\Sudden Death Syndrone\Sudden DS (26).jpg,Sudden Death Syndrone,2
C:\Users\krsan\Desktop\crop\dataset soybean\Sudden Death Syndrone\Sudden DS (27).jpg,Sudden Death Syndrone,0
C:\Users\krsan\Desktop\crop\dataset soybean\Sudden Death Syndrone\Sudden DS (28).jpg,Sudden Death Syndrone,2
C:\Users\krsan\Desktop\crop\dataset soybean\Sudden Death Syndrone\Sudden DS (29).jpg,Sudden Death Syndrone,4
C:\Users\krsan\Desktop\crop\dataset soybean\Sudden Death Syndrone\Sudden DS (3).jpg,Sudden Death Syndrone,0
C:\Users\krsan\Desktop\crop\dataset soybean\Sudden Death Syndrone\Sudden DS (30).jpg,Sudden Death Syndrone,4
C:\Users\krsan\Desktop\crop\dataset soybean\Sudden Death Syndrone\Sudden DS (31).jpg,Sudden Death Syndrone,1
C:\Users\krsan\Desktop\crop\dataset soybean\Sudden Death Syndrone\Sudden DS (32).jpg,Sudden Death Syndrone,1
C:\Users\krsan\Desktop\crop\dataset soybean\Sudden Death Syndrone\Sudden DS (33).jpg,Sudden Death Syndrone,0
C:\Users\krsan\Desktop\crop\dataset soybean\Sudden Death Syndrone\Sudden DS (34).jpg,Sudden Death Syndrone,1
C:\Users\krsan\Desktop\crop\dataset soybean\Sudden Death Syndrone\Sudden DS (35).jpg,Sudden Death Syndrone,4
C:\Users\krsan\Desktop\crop\dataset soybean\Sudden Death Syndrone\Sudden DS (36).jpg,Sudden Death Syndrone,3
C:\Users\krsan\Desktop\crop\dataset soybean\Sudden Death Syndrone\Sudden DS (37).jpg,Sudden Death Syndrone,2
C:\Users\krsan\Desktop\crop\dataset soybean\Sudden Death Syndrone\Sudden DS (38).jpg,Sudden Death Syndrone,0
C:\Users\krsan\Desktop\crop\dataset soybean\Sudden Death Syndrone\Sudden DS (39).jpg,Sudden Death Syndrone,4
C:\Users\krsan\Desktop\crop\dataset soybean\Sudden Death Syndrone\Sudden DS (4).jpg,Sudden Death Syndrone,1
C:\Users\krsan\Desktop\crop\dataset soybean\Sudden Death Syndrone\Sudden DS (40).jpg,Sudden Death Syndrone,4
C:\Users\krsan\Desktop\crop\dataset soybean\Sudden Death Syndrone\Sudden DS (41).jpg,Sudden Death Syndrone,2
C:\Users\krsan\Desktop\crop\dataset soybean\Sudden Death Syndrone\Sudden DS (42).jpg,Sudden Death Syndrone,3
C:\Users\krsan\Desktop\crop\dataset soybean\Sudden Death Syndrone\Sudden DS (43).jpg,Sudden Death Syndrone,4
C:\Users\krsan\Desktop\crop\dataset soybean\Sudden Death Syndrone\Sudden DS (44).jpg,Sudden Death Syndrone,1
C:\Users\krsan\Desktop\crop\dataset soybean\Sudden Death Syndrone\Sudden DS (45).jpg,Sudden Death Syndrone,2
C:\Users\krsan\Desktop\crop\dataset soybean\Sudden Death Syndrone\Sudden DS (46).jpg,Sudden Death Syndrone,1
C:\Users\krsan\Desktop\crop\dataset soybean\Sudden Death Syndrone\Sudden DS (47).jpg,Sudden Death Syndrone,0
C:\Users\krsan\Desktop\crop\dataset soybean\Sudden Death Syndrone\Sudden DS (48).jpg,Sudden Death Syndrone,1
C:\Users\krsan\Desktop\crop\dataset soybean\Sudden Death Syndrone\Sudden DS (49).jpg,Sudden Death Syndrone,2
C:\Users\krsan\Desktop\crop\dataset soybean\Sudden Death Syndrone\Sudden DS (5).jpg,Sudden Death Syndrone,4
C:\Users\krsan\Desktop\crop\dataset soybean\Sudden Death Syndrone\Sudden DS (50).jpg,Sudden Death Syndrone,0
C:\Users\krsan\Desktop\crop\dataset soybean\Sudden Death Syndrone\Sudden DS (51).jpg,Sudden Death Syndrone,3
C:\Users\krsan\Desktop\crop\dataset soybean\Sudden Death Syndrone\Sudden DS (52).jpg,Sudden Death Syndrone,2
C:\Users\krsan\Desktop\crop\dataset soybean\Sudden Death Syndrone\Sudden DS (53).jpg,Sudden Death Syndrone,1
C:\Users\krsan\Desktop\crop\dataset soybean\Sudden Death Syndrone\Sudden DS (54).jpg,Sudden Death Syndrone,1
C:\Users\krsan\Desktop\crop\dataset soybean\Sudden Death Syndrone\Sudden DS (55).jpg,Sudden Death Syndrone,3
C:\Users\krsan\Desktop\crop\dataset soybean\Sudden Death Syndrone\Sudden DS (56).jpg,Sudden Death Syndrone,4
C:\Users\krsan\Desktop\crop\dataset soybean\Sudden Death Syndrone\Sudden DS (57).jpg,Sudden Death Syndrone,3
C:\Users\krsan\Desktop\crop\dataset soybean\Sudden Death Syndrone\Sudden DS (58).jpg,Sudden Death Syndrone,1
C:\Users\krsan\Desktop\crop\dataset soybean\Sudden Death Syndrone\Sudden DS (59).jpg,Sudden Death Syndrone,2
C:\Users\krsan\Desktop\crop\dataset soybean\Sudden Death Syndrone\Sudden DS (6).jpg,Sudden Death Syndrone,4
C:\Users\krsan\Desktop\crop\dataset soybean\Sudden Death Syndrone\Sudden DS (60).jpg,Sudden Death Syndrone,1
C:\Users\krsan\Desktop\crop\dataset soybean\Sudden Death Syndrone\Sudden DS (61).jpg,Sudden Death Syndrone,4
C:\Users\krsan\Desktop\crop\dataset soybean\Sudden Death Syndrone\Sudden DS (62).jpg,Sudden Death Syndrone,1
C:\Users\krsan\Desktop\crop\dataset soybean\Sudden Death Syndrone\Sudden DS (63).jpg,Sudden Death Syndrone,0
C:\Users\krsan\Desktop\crop\dataset soybean\Sudden Death Syndrone\Sudden DS (64).jpg,Sudden Death Syndrone,1
C:\Users\krsan\Desktop\crop\dataset soybean\Sudden Death Syndrone\Sudden DS (65).jpg,Sudden Death Syndrone,2
C:\Users\krsan\Desktop\crop\dataset soybean\Sudden Death Syndrone\Sudden DS (66).jpg,Sudden Death Syndrone,4
C:\Users\krsan\Desktop\crop\dataset soybean\Sudden Death Syndrone\Sudden DS (67).jpg,Sudden Death Syndrone,2
C:\Users\krsan\Desktop\crop\dataset soybean\Sudden Death Syndrone\Sudden DS (68).jpg,Sudden Death Syndrone,4
C:\Users\krsan\Desktop\crop\dataset soybean\Sudden Death Syndrone\Sudden DS (69).jpg,Sudden Death Syndrone,3
C:\Users\krsan\Desktop\crop\dataset soybean\Sudden Death Syndrone\Sudden DS (7).jpg,Sudden Death Syndrone,3
C:\Users\krsan\Desktop\crop\dataset soybean\Sudden Death Syndrone\Sudden DS (70).jpg,Sudden Death Syndrone,0
C:\Users\krsan\Desktop\crop\dataset soybean\Sudden Death Syndrone\Sudden DS (71).jpg,Sudden Death Syndrone,1
C:\Users\krsan\Desktop\crop\dataset soybean\Sudden Death Syndrone\Sudden DS (72).jpg,Sudden Death Syndrone,4
C:\Users\krsan\Desktop\crop\dataset soybean\Sudden Death Syndrone\Sudden DS (73).jpg,Sudden Death Syndrone,2
C:\Users\krsan\Desktop\crop\dataset soybean\Sudden Death Syndrone\Sudden DS (74).jpg,Sudden Death Syndrone,0
C:\Users\krsan\Desktop\crop\dataset soybean\Sudden Death Syndrone\Sudden DS (75).jpg,Sudden Death Syndrone,0
C:\Users\krsan\Desktop\crop\dataset soybean\Sudden Death Syndrone\Sudden DS (76).jpg,Sudden Death Syndrone,2
C:\Users\krsan\Desktop\crop\dataset soybean\Sudden Death Syndrone\Sudden DS (77).jpg,Sudden Death Syndrone,4
C:\Users\krsan\Desktop\crop\dataset soybean\Sudden Death Syndrone\Sudden DS (78).jpg,Sudden Death Syndrone,4
C:\Users\krsan\Desktop\crop\dataset soybean\Sudden Death Syndrone\Sudden DS (79).jpg,Sudden Death Syndrone,0
C:\Users\krsan\Desktop\crop\dataset soybean\Sudden Death Syndrone\Sudden DS (8).jpg,Sudden Death Syndrone,3
C:\Users\krsan\Desktop\crop\dataset soybean\Sudden Death Syndrone\Sudden DS (80).jpg,Sudden Death Syndrone,1
C:\Users\krsan\Desktop\crop\dataset soybean\Sudden Death Syndrone\Sudden DS (81).jpg,Sudden Death Syndrone,0
C:\Users\krsan\Desktop\crop\dataset soybean\Sudden Death Syndrone\Sudden DS (82).jpg,Sudden Death Syndrone,2
C:\Users\krsan\Desktop\crop\dataset soybean\Sudden Death Syndrone\Sudden DS (83).jpg,Sudden Death Syndrone,4
C:\Users\krsan\Desktop\crop\dataset soybean\Sudden Death Syndrone\Sudden DS (84).jpg,Sudden Death Syndrone,1
C:\Users\krsan\Desktop\crop\dataset soybean\Sudden Death Syndrone\Sudden DS (85).jpg,Sudden Death Syndrone,1
C:\Users\krsan\Desktop\crop\dataset soybean\Sudden Death Syndrone\Sudden DS (86).jpg,Sudden Death Syndrone,3
C:\Users\krsan\Desktop\crop\dataset soybean\Sudden Death Syndrone\Sudden DS (87).jpg,Sudden Death Syndrone,1
C:\Users\krsan\Desktop\crop\dataset soybean\Sudden Death Syndrone\Sudden DS (88).jpg,Sudden Death Syndrone,4
C:\Users\krsan\Desktop\crop\dataset soybean\Sudden Death Syndrone\Sudden DS (89).jpg,Sudden Death Syndrone,4
C:\Users\krsan\Desktop\crop\dataset soybean\Sudden Death Syndrone\Sudden DS (9).jpg,Sudden Death Syndrone,3
C:\Users\krsan\Desktop\crop\dataset soybean\Sudden Death Syndrone\Sudden DS (90).jpg,Sudden Death Syndrone,1
C:\Users\krsan\Desktop\crop\dataset soybean\Sudden Death Syndrone\Sudden DS (91).jpg,Sudden Death Syndrone,0
C:\Users\krsan\Desktop\crop\dataset soybean\Sudden Death Syndrone\Sudden DS (92).jpg,Sudden Death Syndrone,4
C:\Users\krsan\Desktop\crop\dataset soybean\Sudden Death Syndrone\Sudden DS (93).jpg,Sudden Death Syndrone,0
C:\Users\krsan\Desktop\crop\dataset soybean\Sudden Death Syndrone\Sudden DS (94).jpg,Sudden Death Syndrone,2
C:\Users\krsan\Desktop\crop\dataset soybean\Sudden Death Syndrone\Sudden DS (95).jpg,Sudden Death Syndrone,3
C:\Users\krsan\Desktop\crop\dataset soybean\Sudden Death Syndrone\Sudden DS (96).jpg,Sudden Death Syndrone,2
C:\Users\krsan\Desktop\crop\dataset soybean\Sudden Death Syndrone\Sudden DS (97).jpg,Sudden Death Syndrone,4
C:\Users\krsan\Desktop\crop\dataset soybean\Sudden Death Syndrone\Sudden DS (98).jpg,Sudden Death Syndrone,4
C:\Users\krsan\Desktop\crop\dataset soybean\Sudden Death Syndrone\Sudden DS (99).jpg,Sudden Death Syndrone,4
C:\Users\krsan\Desktop\crop\dataset soybean\Yellow Mosaic\YM (1).jpg,Yellow Mosaic,0
C:\Users\krsan\Desktop\crop\dataset soybean\Yellow Mosaic\YM (10).jpg,Yellow Mosaic,2
C:\Users\krsan\Desktop\crop\dataset soybean\Yellow Mosaic\YM (100).jpg,Yellow Mosaic,1
C:\Users\krsan\Desktop\crop\dataset soybean\Yellow Mosaic\YM (101).jpg,Yellow Mosaic,3
C:\Users\krsan\Desktop\crop\dataset soybean\Yellow Mosaic\YM (102).jpg,Yellow Mosaic,4
C:\Users\krsan\Desktop\crop\dataset soybean\Yellow Mosaic\YM (103).jpg,Yellow Mosaic,2
C:\Users\krsan\Desktop\crop\dataset soybean\Yellow Mosaic\YM (104).jpg,Yellow Mosaic,1
C:\Users\krsan\Desktop\crop\dataset soybean\Yellow Mosaic\YM (105).jpg,Yellow Mosaic,3
C:\Users\krsan\Desktop\crop\dataset soybean\Yellow Mosaic\YM (106).jpg,Yellow Mosaic,3
C:\Users\krsan\Desktop\crop\dataset soybean\Yellow Mosaic\YM (107).jpg,Yellow Mosaic,4
C:\Users\krsan\Desktop\crop\dataset soybean\Yellow Mosaic\YM (108).jpg,Yellow Mosaic,1
C:\Users\krsan\Desktop\crop\dataset soybean\Yellow Mosaic\YM (109).jpg,Yellow Mosaic,2
C:\Users\krsan\Desktop\crop\dataset soybean\Yellow Mosaic\YM (11).jpg,Yellow Mosaic,0
C:\Users\krsan\Desktop\crop\dataset soybean\Yellow Mosaic\YM (110).jpg,Yellow Mosaic,3
C:\Users\krsan\Desktop\crop\dataset soybean\Yellow Mosaic\YM (12).jpg,Yellow Mosaic,3
C:\Users\krsan\Desktop\crop\dataset soybean\Yellow Mosaic\YM (13).jpg,Yellow Mosaic,0
C:\Users\krsan\Desktop\crop\dataset soybean\Yellow Mosaic\YM (14).jpg,Yellow Mosaic,1
C:\Users\krsan\Desktop\crop\dataset soybean\Yellow Mosaic\YM (15).jpg,Yellow Mosaic,3
C:\Users\krsan\Desktop\crop\dataset soybean\Yellow Mosaic\YM (16).jpg,Yellow Mosaic,4
C:\Users\krsan\Desktop\crop\dataset soybean\Yellow Mosaic\YM (17).jpg,Yellow Mosaic,1
C:\Users\krsan\Desktop\crop\dataset soybean\Yellow Mosaic\YM (18).jpg,Yellow Mosaic,4
C:\Users\krsan\Desktop\crop\dataset soybean\Yellow Mosaic\YM (19).jpg,Yellow Mosaic,3
C:\Users\krsan\Desktop\crop\dataset soybean\Yellow Mosaic\YM (2).jpg,Yellow Mosaic,0
C:\Users\krsan\Desktop\crop\dataset soybean\Yellow Mosaic\YM (20).jpg,Yellow Mosaic,4
C:\Users\krsan\Desktop\crop\dataset soybean\Yellow Mosaic\YM (21).jpg,Yellow Mosaic,2
C:\Users\krsan\Desktop\crop\dataset soybean\Yellow Mosaic\YM (22).jpg,Yellow Mosaic,3
C:\Users\krsan\Desktop\crop\dataset soybean\Yellow Mosaic\YM (23).jpg,Yellow Mosaic,1
C:\Users\krsan\Desktop\crop\dataset soybean\Yellow Mosaic\YM (24).jpg,Yellow Mosaic,3
C:\Users\krsan\Desktop\crop\dataset soybean\Yellow Mosaic\YM (25).jpg,Yellow Mosaic,0
C:\Users\krsan\Desktop\crop\dataset soybean\Yellow Mosaic\YM (26).jpg,Yellow Mosaic,0
C:\Users\krsan\Desktop\crop\dataset soybean\Yellow Mosaic\YM (27).jpg,Yellow Mosaic,1
C:\Users\krsan\Desktop\crop\dataset soybean\Yellow Mosaic\YM (28).jpg,Yellow Mosaic,4
C:\Users\krsan\Desktop\crop\dataset soybean\Yellow Mosaic\YM (29).jpg,Yellow Mosaic,1
C:\Users\krsan\Desktop\crop\dataset soybean\Yellow Mosaic\YM (3).jpg,Yellow Mosaic,3
C:\Users\krsan\Desktop\crop\dataset soybean\Yellow Mosaic\YM (30).jpg,Yellow Mosaic,3
C:\Users\krsan\Desktop\crop\dataset soybean\Yellow Mosaic\YM (31).jpg,Yellow Mosaic,0
C:\Users\krsan\Desktop\crop\dataset soybean\Yellow Mosaic\YM (32).jpg,Yellow Mosaic,3
C:\Users\krsan\Desktop\crop\dataset soybean\Yellow Mosaic\YM (33).jpg,Yellow Mosaic,4
C:\Users\krsan\Desktop\crop\dataset soybean\Yellow Mosaic\YM (34).jpg,Yellow Mosaic,2
C:\Users\krsan\Desktop\crop\dataset soybean\Yellow Mosaic\YM (35).jpg,Yellow Mosaic,0
C:\Users\krsan\Desktop\crop\dataset soybean\Yellow Mosaic\YM (36).jpg,Yellow Mosaic,4
C:\Users\krsan\Desktop\crop\dataset soybean\Yellow Mosaic\YM (37).jpg,Yellow Mosaic,2
C:\Users\krsan\Desktop\crop\dataset soybean\Yellow Mosaic\YM (38).jpg,Yellow Mosaic,1
C:\Users\krsan\Desktop\crop\dataset soybean\Yellow Mosaic\YM (39).jpg,Yellow Mosaic,1
C:\Users\krsan\Desktop\crop\dataset soybean\Yellow Mosaic\YM (4).jpg,Yellow Mosaic,2
C:\Users\krsan\Desktop\crop\dataset soybean\Yellow Mosaic\YM (40).jpg,Yellow Mosaic,2
C:\Users\krsan\Desktop\crop\dataset soybean\Yellow Mosaic\YM (41).jpg,Yellow Mosaic,0
C:\Users\krsan\Desktop\crop\dataset soybean\Yellow Mosaic\YM (42).jpg,Yellow Mosaic,3
C:\Users\krsan\Desktop\crop\dataset soybean\Yellow Mosaic\YM (43).jpg,Yellow Mosaic,4
C:\Users\krsan\Desktop\crop\dataset soybean\Yellow Mosaic\YM (44).jpg,Yellow Mosaic,1
C:\Users\krsan\Desktop\crop\dataset soybean\Yellow Mosaic\YM (45).jpg,Yellow Mosaic,0
C:\Users\krsan\Desktop\crop\dataset soybean\Yellow Mosaic\YM (46).jpg,Yellow Mosaic,4
C:\Users\krsan\Desktop\crop\dataset soybean\Yellow Mosaic\YM (47).jpg,Yellow Mosaic,1
C:\Users\krsan\Desktop\crop\dataset soybean\Yellow Mosaic\YM (48).jpg,Yellow Mosaic,2
C:\Users\krsan\Desktop\crop\dataset soybean\Yellow Mosaic\YM (49).jpg,Yellow Mosaic,4
C:\Users\krsan\Desktop\crop\dataset soybean\Yellow Mosaic\YM (5).jpg,Yellow Mosaic,2
C:\Users\krsan\Desktop\crop\dataset soybean\Yellow Mosaic\YM (50).jpg,Yellow Mosaic,4
C:\Users\krsan\Desktop\crop\dataset soybean\Yellow Mosaic\YM (51).jpg,Yellow Mosaic,2
C:\Users\krsan\Desktop\crop\dataset soybean\Yellow Mosaic\YM (52).jpg,Yellow Mosaic,1
C:\Users\krsan\Desktop\crop\dataset soybean\Yellow Mosaic\YM (53).jpg,Yellow Mosaic,4
C:\Users\krsan\Desktop\crop\dataset soybean\Yellow Mosaic\YM (54).jpg,Yellow Mosaic,1
C:\Users\krsan\Desktop\crop\dataset soybean\Yellow Mosaic\YM (55).jpg,Yellow Mosaic,4
C:\Users\krsan\Desktop\crop\dataset soybean\Yellow Mosaic\YM (56).jpg,Yellow Mosaic,4
C:\Users\krsan\Desktop\crop\dataset soybean\Yellow Mosaic\YM (57).jpg,Yellow Mosaic,4
C:\Users\krsan\Desktop\crop\dataset soybean\Yellow Mosaic\YM (58).jpg,Yellow Mosaic,2
C:\Users\krsan\Desktop\crop\dataset soybean\Yellow Mosaic\YM (59).jpg,Yellow Mosaic,0
C:\Users\krsan\Desktop\crop\dataset soybean\Yellow Mosaic\YM (6).jpg,Yellow Mosaic,4
C:\Users\krsan\Desktop\crop\dataset soybean\Yellow Mosaic\YM (60).jpg,Yellow Mosaic,4
C:\Users\krsan\Desktop\crop\dataset soybean\Yellow Mosaic\YM (61).jpg,Yellow Mosaic,2
C:\Users\krsan\Desktop\crop\dataset soybean\Yellow Mosaic\YM (62).jpg,Yellow Mosaic,4
C:\Users\krsan\Desktop\crop\dataset soybean\Yellow Mosaic\YM (63).jpg,Yellow Mosaic,0
C:\Users\krsan\Desktop\crop\dataset soybean\Yellow Mosaic\YM (64).jpg,Yellow Mosaic,1
C:\Users\krsan\Desktop\crop\dataset soybean\Yellow Mosaic\YM (65).jpg,Yellow Mosaic,2
C:\Users\krsan\Desktop\crop\dataset soybean\Yellow Mosaic\YM (66).jpg,Yellow Mosaic,1
C:\Users\krsan\Desktop\crop\dataset soybean\Yellow Mosaic\YM (67).jpg,Yellow Mosaic,4
C:\Users\krsan\Desktop\crop\dataset soybean\Yellow Mosaic\YM (68).jpg,Yellow Mosaic,1
C:\Users\krsan\Desktop\crop\dataset soybean\Yellow Mosaic\YM (69).jpg,Yellow Mosaic,0
C:\Users\krsan\Desktop\crop\dataset soybean\Yellow Mosaic\YM (7).jpg,Yellow Mosaic,2
C:\Users\krsan\Desktop\crop\dataset soybean\Yellow Mosaic\YM (70).jpg,Yellow Mosaic,2
C:\Users\krsan\Desktop\crop\dataset soybean\Yellow Mosaic\YM (71).jpg,Yellow Mosaic,1
C:\Users\krsan\Desktop\crop\dataset soybean\Yellow Mosaic\YM (72).jpg,Yellow Mosaic,1
C:\Users\krsan\Desktop\crop\dataset soybean\Yellow Mosaic\YM (73).jpg,Yellow Mosaic,4
C:\Users\krsan\Desktop\crop\dataset soybean\Yellow Mosaic\YM (74).jpg,Yellow Mosaic,0
C:\Users\krsan\Desktop\crop\dataset soybean\Yellow Mosaic\YM (75).jpg,Yellow Mosaic,4
C:\Users\krsan\Desktop\crop\dataset soybean\Yellow Mosaic\YM (76).jpg,Yellow Mosaic,2
C:\Users\krsan\Desktop\crop\dataset soybean\Yellow Mosaic\YM (77).jpg,Yellow Mosaic,1
C:\Users\krsan\Desktop\crop\dataset soybean\Yellow Mosaic\YM (78).jpg,Yellow Mosaic,3
C:\Users\krsan\Desktop\crop\dataset soybean\Yellow Mosaic\YM (79).jpg,Yellow Mosaic,4
C:\Users\krsan\Desktop\crop\dataset soybean\Yellow Mosaic\YM (8).jpg,Yellow Mosaic,3
C:\Users\krsan\Desktop\crop\dataset soybean\Yellow Mosaic\YM (80).jpg,Yellow Mosaic,1
C:\Users\krsan\Desktop\crop\dataset soybean\Yellow Mosaic\YM (81).jpg,Yellow Mosaic,4
C:\Users\krsan\Desktop\crop\dataset soybean\Yellow Mosaic\YM (82).jpg,Yellow Mosaic,4
C:\Users\krsan\Desktop\crop\dataset soybean\Yellow Mosaic\YM (83).jpg,Yellow Mosaic,1
C:\Users\krsan\Desktop\crop\dataset soybean\Yellow Mosaic\YM (84).jpg,Yellow Mosaic,2
C:\Users\krsan\Desktop\crop\dataset soybean\Yellow Mosaic\YM (85).jpg,Yellow Mosaic,1
C:\Users\krsan\Desktop\crop\dataset soybean\Yellow Mosaic\YM (86).jpg,Yellow Mosaic,4
C:\Users\krsan\Desktop\crop\dataset soybean\Yellow Mosaic\YM (87).jpg,Yellow Mosaic,2
C:\Users\krsan\Desktop\crop\dataset soybean\Yellow Mosaic\YM (88).jpg,Yellow Mosaic,0
C:\Users\krsan\Desktop\crop\dataset soybean\Yellow Mosaic\YM (89).jpg,Yellow Mosaic,0
C:\Users\krsan\Desktop\crop\dataset soybean\Yellow Mosaic\YM (9).jpg,Yellow Mosaic,3
C:\Users\krsan\Desktop\crop\dataset soybean\Yellow Mosaic\YM (90).jpg,Yellow Mosaic,0
C:\Users\krsan\Desktop\crop\dataset soybean\Yellow Mosaic\YM (91).jpg,Yellow Mosaic,0
C:\Users\krsan\Desktop\crop\dataset soybean\Yellow Mosaic\YM (92).jpg,Yellow Mosaic,4
C:\Users\krsan\Desktop\crop\dataset soybean\Yellow Mosaic\YM (93).jpg,Yellow Mosaic,4
C:\Users\krsan\Desktop\crop\dataset soybean\Yellow Mosaic\YM (94).jpg,Yellow Mosaic,4
C:\Users\krsan\Desktop\crop\dataset soybean\Yellow Mosaic\YM (95).jpg,Yellow Mosaic,3
C:\Users\krsan\Desktop\crop\dataset soybean\Yellow Mosaic\YM (96).jpg,Yellow Mosaic,2
C:\Users\krsan\Desktop\crop\dataset soybean\Yellow Mosaic\YM (97).jpg,Yellow Mosaic,0
C:\Users\krsan\Desktop\crop\dataset soybean\Yellow Mosaic\YM (98).jpg,Yellow Mosaic,1
C:\Users\krsan\Desktop\crop\dataset soybean\Yellow Mosaic\YM (99).jpg,Yellow Mosaic,0
C:\Users\krsan\Desktop\crop\dataset soybean\Yellow Mosaic\YM (1).jpg,Yellow Mosaic,4
C:\Users\krsan\Desktop\crop\dataset soybean\Yellow Mosaic\YM (10).jpg,Yellow Mosaic,2
C:\Users\krsan\Desktop\crop\dataset soybean\Yellow Mosaic\YM (100).jpg,Yellow Mosaic,4
C:\Users\krsan\Desktop\crop\dataset soybean\Yellow Mosaic\YM (101).jpg,Yellow Mosaic,1
C:\Users\krsan\Desktop\crop\dataset soybean\Yellow Mosaic\YM (102).jpg,Yellow Mosaic,2
C:\Users\krsan\Desktop\crop\dataset soybean\Yellow Mosaic\YM (103).jpg,Yellow Mosaic,4
C:\Users\krsan\Desktop\crop\dataset soybean\Yellow Mosaic\YM (104).jpg,Yellow Mosaic,1
C:\Users\krsan\Desktop\crop\dataset soybean\Yellow Mosaic\YM (105).jpg,Yellow Mosaic,4
C:\Users\krsan\Desktop\crop\dataset soybean\Yellow Mosaic\YM (106).jpg,Yellow Mosaic,1
C:\Users\krsan\Desktop\crop\dataset soybean\Yellow Mosaic\YM (107).jpg,Yellow Mosaic,2
C:\Users\krsan\Desktop\crop\dataset soybean\Yellow Mosaic\YM (108).jpg,Yellow Mosaic,2
C:\Users\krsan\Desktop\crop\dataset soybean\Yellow Mosaic\YM (109).jpg,Yellow Mosaic,4
C:\Users\krsan\Desktop\crop\dataset soybean\Yellow Mosaic\YM (11).jpg,Yellow Mosaic,4
C:\Users\krsan\Desktop\crop\dataset soybean\Yellow Mosaic\YM (110).jpg,Yellow Mosaic,0
C:\Users\krsan\Desktop\crop\dataset soybean\Yellow Mosaic\YM (12).jpg,Yellow Mosaic,2
C:\Users\krsan\Desktop\crop\dataset soybean\Yellow Mosaic\YM (13).jpg,Yellow Mosaic,0
C:\Users\krsan\Desktop\crop\dataset soybean\Yellow Mosaic\YM (14).jpg,Yellow Mosaic,4
C:\Users\krsan\Desktop\crop\dataset soybean\Yellow Mosaic\YM (15).jpg,Yellow Mosaic,0
C:\Users\krsan\Desktop\crop\dataset soybean\Yellow Mosaic\YM (16).jpg,Yellow Mosaic,2
C:\Users\krsan\Desktop\crop\dataset soybean\Yellow Mosaic\YM (17).jpg,Yellow Mosaic,2
C:\Users\krsan\Desktop\crop\dataset soybean\Yellow Mosaic\YM (18).jpg,Yellow Mosaic,0
C:\Users\krsan\Desktop\crop\dataset soybean\Yellow Mosaic\YM (19).jpg,Yellow Mosaic,3
C:\Users\krsan\Desktop\crop\dataset soybean\Yellow Mosaic\YM (2).jpg,Yellow Mosaic,2
C:\Users\krsan\Desktop\crop\dataset soybean\Yellow Mosaic\YM (20).jpg,Yellow Mosaic,0
C:\Users\krsan\Desktop\crop\dataset soybean\Yellow Mosaic\YM (21).jpg,Yellow Mosaic,3
C:\Users\krsan\Desktop\crop\dataset soybean\Yellow Mosaic\YM (22).jpg,Yellow Mosaic,3
C:\Users\krsan\Desktop\crop\dataset soybean\Yellow Mosaic\YM (23).jpg,Yellow Mosaic,4
C:\Users\krsan\Desktop\crop\dataset soybean\Yellow Mosaic\YM (24).jpg,Yellow Mosaic,0
C:\Users\krsan\Desktop\crop\dataset soybean\Yellow Mosaic\YM (25).jpg,Yellow Mosaic,2
C:\Users\krsan\Desktop\crop\dataset soybean\Yellow Mosaic\YM (26).jpg,Yellow Mosaic,2
C:\Users\krsan\Desktop\crop\dataset soybean\Yellow Mosaic\YM (27).jpg,Yellow Mosaic,3
C:\Users\krsan\Desktop\crop\dataset soybean\Yellow Mosaic\YM (28).jpg,Yellow Mosaic,3
C:\Users\krsan\Desktop\crop\dataset soybean\Yellow Mosaic\YM (29).jpg,Yellow Mosaic,2
C:\Users\krsan\Desktop\crop\dataset soybean\Yellow Mosaic\YM (3).jpg,Yellow Mosaic,1
C:\Users\krsan\Desktop\crop\dataset soybean\Yellow Mosaic\YM (30).jpg,Yellow Mosaic,4
C:\Users\krsan\Desktop\crop\dataset soybean\Yellow Mosaic\YM (31).jpg,Yellow Mosaic,3
C:\Users\krsan\Desktop\crop\dataset soybean\Yellow Mosaic\YM (32).jpg,Yellow Mosaic,0
C:\Users\krsan\Desktop\crop\dataset soybean\Yellow Mosaic\YM (33).jpg,Yellow Mosaic,3
C:\Users\krsan\Desktop\crop\dataset soybean\Yellow Mosaic\YM (34).jpg,Yellow Mosaic,0
C:\Users\krsan\Desktop\crop\dataset soybean\Yellow Mosaic\YM (35).jpg,Yellow Mosaic,2
C:\Users\krsan\Desktop\crop\dataset soybean\Yellow Mosaic\YM (36).jpg,Yellow Mosaic,0
C:\Users\krsan\Desktop\crop\dataset soybean\Yellow Mosaic\YM (37).jpg,Yellow Mosaic,1
C:\Users\krsan\Desktop\crop\dataset soybean\Yellow Mosaic\YM (38).jpg,Yellow Mosaic,2
C:\Users\krsan\Desktop\crop\dataset soybean\Yellow Mosaic\YM (39).jpg,Yellow Mosaic,3
C:\Users\krsan\Desktop\crop\dataset soybean\Yellow Mosaic\YM (4).jpg,Yellow Mosaic,1
C:\Users\krsan\Desktop\crop\dataset soybean\Yellow Mosaic\YM (40).jpg,Yellow Mosaic,3
C:\Users\krsan\Desktop\crop\dataset soybean\Yellow Mosaic\YM (41).jpg,Yellow Mosaic,4
C:\Users\krsan\Desktop\crop\dataset soybean\Yellow Mosaic\YM (42).jpg,Yellow Mosaic,0
C:\Users\krsan\Desktop\crop\dataset soybean\Yellow Mosaic\YM (43).jpg,Yellow Mosaic,4
C:\Users\krsan\Desktop\crop\dataset soybean\Yellow Mosaic\YM (44).jpg,Yellow Mosaic,0
C:\Users\krsan\Desktop\crop\dataset soybean\Yellow Mosaic\YM (45).jpg,Yellow Mosaic,1
C:\Users\krsan\Desktop\crop\dataset soybean\Yellow Mosaic\YM (46).jpg,Yellow Mosaic,3
C:\Users\krsan\Desktop\crop\dataset soybean\Yellow Mosaic\YM (47).jpg,Yellow Mosaic,3
C:\Users\krsan\Desktop\crop\dataset soybean\Yellow Mosaic\YM (48).jpg,Yellow Mosaic,2
C:\Users\krsan\Desktop\crop\dataset soybean\Yellow Mosaic\YM (49).jpg,Yellow Mosaic,2
C:\Users\krsan\Desktop\crop\dataset soybean\Yellow Mosaic\YM (5).jpg,Yellow Mosaic,1
C:\Users\krsan\Desktop\crop\dataset soybean\Yellow Mosaic\YM (50).jpg,Yellow Mosaic,1
C:\Users\krsan\Desktop\crop\dataset soybean\Yellow Mosaic\YM (51).jpg,Yellow Mosaic,1
C:\Users\krsan\Desktop\crop\dataset soybean\Yellow Mosaic\YM (52).jpg,Yellow Mosaic,1
C:\Users\krsan\Desktop\crop\dataset soybean\Yellow Mosaic\YM (53).jpg,Yellow Mosaic,2
C:\Users\krsan\Desktop\crop\dataset soybean\Yellow Mosaic\YM (54).jpg,Yellow Mosaic,2
C:\Users\krsan\Desktop\crop\dataset soybean\Yellow Mosaic\YM (55).jpg,Yellow Mosaic,3
C:\Users\krsan\Desktop\crop\dataset soybean\Yellow Mosaic\YM (56).jpg,Yellow Mosaic,4
C:\Users\krsan\Desktop\crop\dataset soybean\Yellow Mosaic\YM (57).jpg,Yellow Mosaic,3
C:\Users\krsan\Desktop\crop\dataset soybean\Yellow Mosaic\YM (58).jpg,Yellow Mosaic,3
C:\Users\krsan\Desktop\crop\dataset soybean\Yellow Mosaic\YM (59).jpg,Yellow Mosaic,0
C:\Users\krsan\Desktop\crop\dataset soybean\Yellow Mosaic\YM (6).jpg,Yellow Mosaic,0
C:\Users\krsan\Desktop\crop\dataset soybean\Yellow Mosaic\YM (60).jpg,Yellow Mosaic,1
C:\Users\krsan\Desktop\crop\dataset soybean\Yellow Mosaic\YM (61).jpg,Yellow Mosaic,2
C:\Users\krsan\Desktop\crop\dataset soybean\Yellow Mosaic\YM (62).jpg,Yellow Mosaic,1
C:\Users\krsan\Desktop\crop\dataset soybean\Yellow Mosaic\YM (63).jpg,Yellow Mosaic,1
C:\Users\krsan\Desktop\crop\dataset soybean\Yellow Mosaic\YM (64).jpg,Yellow Mosaic,1
C:\Users\krsan\Desktop\crop\dataset soybean\Yellow Mosaic\YM (65).jpg,Yellow Mosaic,4
C:\Users\krsan\Desktop\crop\dataset soybean\Yellow Mosaic\YM (66).jpg,Yellow Mosaic,3
C:\Users\krsan\Desktop\crop\dataset soybean\Yellow Mosaic\YM (67).jpg,Yellow Mosaic,0
C:\Users\krsan\Desktop\crop\dataset soybean\Yellow Mosaic\YM (68).jpg,Yellow Mosaic,2
C:\Users\krsan\Desktop\crop\dataset soybean\Yellow Mosaic\YM (69).jpg,Yellow Mosaic,3
C:\Users\krsan\Desktop\crop\dataset soybean\Yellow Mosaic\YM (7).jpg,Yellow Mosaic,3
C:\Users\krsan\Desktop\crop\dataset soybean\Yellow Mosaic\YM (70).jpg,Yellow Mosaic,3
C:\Users\krsan\Desktop\crop\dataset soybean\Yellow Mosaic\YM (71).jpg,Yellow Mosaic,0
C:\Users\krsan\Desktop\crop\dataset soybean\Yellow Mosaic\YM (72).jpg,Yellow Mosaic,0
C:\Users\krsan\Desktop\crop\dataset soybean\Yellow Mosaic\YM (73).jpg,Yellow Mosaic,4
C:\Users\krsan\Desktop\crop\dataset soybean\Yellow Mosaic\YM (74).jpg,Yellow Mosaic,3
C:\Users\krsan\Desktop\crop\dataset soybean\Yellow Mosaic\YM (75).jpg,Yellow Mosaic,3
C:\Users\krsan\Desktop\crop\dataset soybean\Yellow Mosaic\YM (76).jpg,Yellow Mosaic,0
C:\Users\krsan\Desktop\crop\dataset soybean\Yellow Mosaic\YM (77).jpg,Yellow Mosaic,1
C:\Users\krsan\Desktop\crop\dataset soybean\Yellow Mosaic\YM (78).jpg,Yellow Mosaic,2
C:\Users\krsan\Desktop\crop\dataset soybean\Yellow Mosaic\YM (79).jpg,Yellow Mosaic,3
C:\Users\krsan\Desktop\crop\dataset soybean\Yellow Mosaic\YM (8).jpg,Yellow Mosaic,2
C:\Users\krsan\Desktop\crop\dataset soybean\Yellow Mosaic\YM (80).jpg,Yellow Mosaic,0
C:\Users\krsan\Desktop\crop\dataset soybean\Yellow Mosaic\YM (81).jpg,Yellow Mosaic,0
C:\Users\krsan\Desktop\crop\dataset soybean\Yellow Mosaic\YM (82).jpg,Yellow Mosaic,1
C:\Users\krsan\Desktop\crop\dataset soybean\Yellow Mosaic\YM (83).jpg,Yellow Mosaic,3
C:\Users\krsan\Desktop\crop\dataset soybean\Yellow Mosaic\YM (84).jpg,Yellow Mosaic,2
C:\Users\krsan\Desktop\crop\dataset soybean\Yellow Mosaic\YM (85).jpg,Yellow Mosaic,0
C:\Users\krsan\Desktop\crop\dataset soybean\Yellow Mosaic\YM (86).jpg,Yellow Mosaic,1
C:\Users\krsan\Desktop\crop\dataset soybean\Yellow Mosaic\YM (87).jpg,Yellow Mosaic,3
C:\Users\krsan\Desktop\crop\dataset soybean\Yellow Mosaic\YM (88).jpg,Yellow Mosaic,2
C:\Users\krsan\Desktop\crop\dataset soybean\Yellow Mosaic\YM (89).jpg,Yellow Mosaic,0
C:\Users\krsan\Desktop\crop\dataset soybean\Yellow Mosaic\YM (9).jpg,Yellow Mosaic,0
C:\Users\krsan\Desktop\crop\dataset soybean\Yellow Mosaic\YM (90).jpg,Yellow Mosaic,1
C:\Users\krsan\Desktop\crop\dataset soybean\Yellow Mosaic\YM (91).jpg,Yellow Mosaic,2
C:\Users\krsan\Desktop\crop\dataset soybean\Yellow Mosaic\YM (92).jpg,Yellow Mosaic,3
C:\Users\krsan\Desktop\crop\dataset soybean\Yellow Mosaic\YM (93).jpg,Yellow Mosaic,1
C:\Users\krsan\Desktop\crop\dataset soybean\Yellow Mosaic\YM (94).jpg,Yellow Mosaic,3
C:\Users\krsan\Desktop\crop\dataset soybean\Yellow Mosaic\YM (95).jpg,Yellow Mosaic,0
C:\Users\krsan\Desktop\crop\dataset soybean\Yellow Mosaic\YM (96).jpg,Yellow Mosaic,3
C:\Users\krsan\Desktop\crop\dataset soybean\Yellow Mosaic\YM (97).jpg,Yellow Mosaic,4
C:\Users\krsan\Desktop\crop\dataset soybean\Yellow Mosaic\YM (98).jpg,Yellow Mosaic,0
C:\Users\krsan\Desktop\crop\dataset soybean\Yellow Mosaic\YM (99).jpg,Yellow Mosaic,3
